"scenario_index","scenario_id","scenario_type","q_epsilon_target","range_block_ratio","microscale","true_nugget","partial_sill","true_sill","sigma2_eps","observed_nugget","observed_sill","spherical_range","spherical_range_block_units","target_r2_block","prediction_relation","n_reps","n_sample","n_blocks_side","fine_per_block","q_epsilon_target_mean","q_epsilon_target_sd","q_epsilon_target_q025","q_epsilon_target_q975","q_epsilon_theoretical_mean","q_epsilon_theoretical_sd","q_epsilon_theoretical_q025","q_epsilon_theoretical_q975","q_epsilon_empirical_mean","q_epsilon_empirical_sd","q_epsilon_empirical_q025","q_epsilon_empirical_q975","range_block_ratio_mean","range_block_ratio_sd","range_block_ratio_q025","range_block_ratio_q975","true_nugget_mean","true_nugget_sd","true_nugget_q025","true_nugget_q975","partial_sill_mean","partial_sill_sd","partial_sill_q025","partial_sill_q975","true_sill_mean","true_sill_sd","true_sill_q025","true_sill_q975","sigma2_eps_mean","sigma2_eps_sd","sigma2_eps_q025","sigma2_eps_q975","observed_nugget_mean","observed_nugget_sd","observed_nugget_q025","observed_nugget_q975","observed_sill_mean","observed_sill_sd","observed_sill_q025","observed_sill_q975","spherical_range_mean","spherical_range_sd","spherical_range_q025","spherical_range_q975","spherical_range_block_units_mean","spherical_range_block_units_sd","spherical_range_block_units_q025","spherical_range_block_units_q975","target_r2_block_mean","target_r2_block_sd","target_r2_block_q025","target_r2_block_q975","sigma2_obs_theoretical_mean","sigma2_obs_theoretical_sd","sigma2_obs_theoretical_q025","sigma2_obs_theoretical_q975","sigma2_obs_empirical_mean","sigma2_obs_empirical_sd","sigma2_obs_empirical_q025","sigma2_obs_empirical_q975","sigma2_delta_theoretical_mean","sigma2_delta_theoretical_sd","sigma2_delta_theoretical_q025","sigma2_delta_theoretical_q975","sigma2_delta_empirical_mean","sigma2_delta_empirical_sd","sigma2_delta_empirical_q025","sigma2_delta_empirical_q975","cov_point_block_theoretical_mean","cov_point_block_theoretical_sd","cov_point_block_theoretical_q025","cov_point_block_theoretical_q975","var_block_theoretical_mean","var_block_theoretical_sd","var_block_theoretical_q025","var_block_theoretical_q975","lambda_theoretical_mean","lambda_theoretical_sd","lambda_theoretical_q025","lambda_theoretical_q975","lambda_empirical_mean","lambda_empirical_sd","lambda_empirical_q025","lambda_empirical_q975","n_negative_eigenvalues_mean","n_negative_eigenvalues_sd","n_negative_eigenvalues_q025","n_negative_eigenvalues_q975","r_obs_mean","r_obs_sd","r_obs_q025","r_obs_q975","R2_obs_mean","R2_obs_sd","R2_obs_q025","R2_obs_q975","RMSE_obs_mean","RMSE_obs_sd","RMSE_obs_q025","RMSE_obs_q975","r_true_point_mean","r_true_point_sd","r_true_point_q025","r_true_point_q975","R2_true_point_mean","R2_true_point_sd","R2_true_point_q025","R2_true_point_q975","RMSE_true_point_mean","RMSE_true_point_sd","RMSE_true_point_q025","RMSE_true_point_q975","r_block_true_mean","r_block_true_sd","r_block_true_q025","r_block_true_q975","R2_block_true_mean","R2_block_true_sd","R2_block_true_q025","R2_block_true_q975","RMSE_block_true_mean","RMSE_block_true_sd","RMSE_block_true_q025","RMSE_block_true_q975","r_ME_mean","r_ME_sd","r_ME_q025","r_ME_q975","R2_ME_mean","R2_ME_sd","R2_ME_q025","R2_ME_q975","RMSE_ME_mean","RMSE_ME_sd","RMSE_ME_q025","RMSE_ME_q975","r_B_hat_mean","r_B_hat_sd","r_B_hat_q025","r_B_hat_q975","R2_B_hat_mean","R2_B_hat_sd","R2_B_hat_q025","R2_B_hat_q975","RMSE_B_hat_mean","RMSE_B_hat_sd","RMSE_B_hat_q025","RMSE_B_hat_q975","R2_obs_bias_mean","R2_ME_bias_mean","R2_B_hat_bias_mean","RMSE_obs_bias_mean","RMSE_ME_bias_mean","RMSE_B_hat_bias_mean","lower_value_hold_rate"
1,"sc001_q000_rb02_micro-moderate_r230_block_targeted","core",0,2,"moderate",0.2,0.8,1,0,0.2,1,10,2,0.3,"block_targeted",200,500,40,5,0,0,0,0,0,0,0,0,0,0,0,0,2,0,2,2,0.2,0,0.2,0.2,0.8,0,0.8,0.8,1,0,1,1,0,0,0,0,0.2,0,0.2,0.2,1,0,1,1,10,0,10,10,2,0,2,2,0.3,0,0.3,0.3,1,0,1,1,1.00088427450438,0.0614689910731942,0.883154322485422,1.1186447691531,0.494444953959777,0,0.494444953959777,0.494444953959777,0.494960049828638,0.031883332771268,0.433771738133603,0.555396423852693,NA,NA,NA,NA,0.505555046040223,0,0.505555046040223,0.505555046040223,0.505555046040223,0,0.505555046040223,0.505555046040223,0.504910704526084,0.0240031645244862,0.457278649710776,0.548384874057728,0,0,0,0,0.389186175332957,0.0274419699287039,0.338131790583517,0.44392176791471,0.152215175475296,0.0214385989006408,0.114333171323504,0.197066572310859,0.974796459420509,0.0286695560043137,0.925854469043102,1.03467470337172,0.389186175332957,0.0274419699287039,0.338131790583517,0.44392176791471,0.152215175475296,0.0214385989006408,0.114333171323504,0.197066572310859,0.974796459420509,0.0286695560043137,0.925854469043102,1.03467470337172,0.547722557505166,6.67805420451753e-17,0.547722557505166,0.547722557505166,0.3,8.37534676006613e-17,0.3,0.3,0.674576908977966,0.0205804842110726,0.639766702840009,0.713340584205798,0.389186175332957,0.0274419699287039,0.338131790583517,0.44392176791471,0.152215175475296,0.0214385989006408,0.114333171323504,0.197066572310859,0.974796459420509,0.0286695560043137,0.925854469043102,1.03467470337172,0.547360155355916,0.038595001249973,0.475556124947727,0.624341518924174,0.301085265922131,0.0424060625416744,0.226153753619952,0.389802404019878,0.674463995734311,0.0413264430582556,0.60229653184429,0.759016987703848,-0.147784824524704,-0.147784824524704,0.00108526592213065,0.300219550442543,0.300219550442543,-0.000112913243655477,1
2,"sc002_q010_rb02_micro-moderate_r230_block_targeted","core",0.1,2,"moderate",0.2,0.8,1,0.111111111111111,0.311111111111111,1.11111111111111,10,2,0.3,"block_targeted",200,500,40,5,0.1,0,0.1,0.1,0.1,0,0.1,0.1,0.100323511240613,0.00619360337803931,0.0876113797277035,0.111970543244297,2,0,2,2,0.2,0,0.2,0.2,0.8,0,0.8,0.8,1,0,1,1,0.111111111111111,0,0.111111111111111,0.111111111111111,0.311111111111111,0,0.311111111111111,0.311111111111111,1.11111111111111,0,1.11111111111111,1.11111111111111,10,0,10,10,2,0,2,2,0.3,0,0.3,0.3,1.11111111111111,0,1.11111111111111,1.11111111111111,1.11173949062704,0.0688347464050197,0.992326662870468,1.26822734433667,0.494444953959777,0,0.494444953959777,0.494444953959777,0.495922582126968,0.032542209332756,0.434679427069954,0.563735627202273,NA,NA,NA,NA,0.505555046040223,0,0.505555046040223,0.505555046040223,0.454999541436201,0,0.454999541436201,0.454999541436201,0.454292894003376,0.0201285147695734,0.414369194161624,0.489017486952235,0,0,0,0,0.368161007565696,0.0304317869160374,0.307178421959044,0.417706088372753,0.136463990678417,0.0222665043072602,0.0943588188499544,0.174479657001581,1.0311173387298,0.0305658579693296,0.972152438887049,1.08866379078274,0.388615873460184,0.0289734451198045,0.334182542107904,0.443325491117014,0.151857560324721,0.022548970450722,0.111677973381846,0.196537629844074,0.975868170350945,0.0292811751426028,0.923878042043706,1.03349095390344,0.547722557505166,7.50765639218203e-17,0.547722557505166,0.547722557505166,0.3,9.70298780565961e-17,0.3,0.3,0.675493329652867,0.016963103797705,0.643036214839136,0.707697730043455,0.388075776523361,0.0320779199745298,0.323794487148954,0.440300877259159,0.151626656309352,0.0247405603414002,0.104843132055505,0.193866285557312,0.975696300370646,0.03230173192895,0.913219167223347,1.03637721797387,0.545798465595462,0.0451151052468189,0.455391820219756,0.619249017192699,0.299921160904185,0.0489374214245936,0.207382228457004,0.383472160105565,0.675577266678494,0.0467201464144748,0.582687068405813,0.761336181400497,-0.163536009321583,-0.148373343690648,-7.88390958152418e-05,0.355624009076932,0.300202970717779,8.39370256271454e-05,1
3,"sc003_q025_rb02_micro-moderate_r230_block_targeted","core",0.25,2,"moderate",0.2,0.8,1,0.333333333333333,0.533333333333333,1.33333333333333,10,2,0.3,"block_targeted",200,500,40,5,0.25,0,0.25,0.25,0.25,0,0.25,0.25,0.251376607919069,0.0149674725996212,0.226589538708852,0.280632624278135,2,0,2,2,0.2,0,0.2,0.2,0.8,0,0.8,0.8,1,0,1,1,0.333333333333333,0,0.333333333333333,0.333333333333333,0.533333333333333,0,0.533333333333333,0.533333333333333,1.33333333333333,0,1.33333333333333,1.33333333333333,10,0,10,10,2,0,2,2,0.3,0,0.3,0.3,1.33333333333333,0,1.33333333333333,1.33333333333333,1.33070767997327,0.0791292338448141,1.18779281397168,1.47108907916357,0.494444953959777,0,0.494444953959777,0.494444953959777,0.494783410077026,0.0339964434813133,0.423556320796442,0.561140404629271,NA,NA,NA,NA,0.505555046040223,0,0.505555046040223,0.505555046040223,0.379166284530167,0,0.379166284530167,0.379166284530167,0.375550844267273,0.0208994760018248,0.33637415714367,0.420433170004923,0,0,0,0,0.333930036869532,0.033539452654087,0.262784628460217,0.386871197785221,0.112628539933601,0.0219929527020696,0.0690558555995644,0.149669324614986,1.13333611295553,0.0350051374886545,1.06960141120019,1.202728916815,0.387750161488374,0.0291553296185639,0.322238085075638,0.443355544221795,0.151195970813202,0.0222772387233418,0.1038373857045,0.196564142546852,0.972194415483587,0.0282848671246433,0.911996447206606,1.03164705646744,0.547722557505166,8.17891263785789e-17,0.547722557505166,0.547722557505166,0.3,1.02840468815847e-16,0.3,0.3,0.672702616355455,0.0180049664202483,0.638604345085841,0.708709780432452,0.385589193354252,0.0387280240366197,0.303437551960804,0.446720380366021,0.150171386578135,0.0293239369360928,0.0920744741327525,0.199559099486648,0.975033444721001,0.0406779992350813,0.900396485568258,1.05509380963023,0.542301279323148,0.0544679605722796,0.42676137054455,0.628277550168912,0.297042602490782,0.0580034501994858,0.18212551700142,0.394732682523301,0.674112272478247,0.0590062988086321,0.562377809309879,0.786623191475064,-0.187371460066399,-0.149828613421865,-0.00295739750921764,0.460633496600074,0.302330828365545,0.00140965612279154,1
4,"sc004_q040_rb02_micro-moderate_r230_block_targeted","core",0.4,2,"moderate",0.2,0.8,1,0.666666666666667,0.866666666666667,1.66666666666667,10,2,0.3,"block_targeted",200,500,40,5,0.4,0,0.4,0.4,0.4,0,0.4,0.4,0.398952954892113,0.0266764446926097,0.3439324741256,0.449863768783676,2,0,2,2,0.2,0,0.2,0.2,0.8,0,0.8,0.8,1,0,1,1,0.666666666666667,0,0.666666666666667,0.666666666666667,0.866666666666667,0,0.866666666666667,0.866666666666667,1.66666666666667,0,1.66666666666667,1.66666666666667,10,0,10,10,2,0,2,2,0.3,0,0.3,0.3,1.66666666666667,0,1.66666666666667,1.66666666666667,1.67859683410157,0.114008423766982,1.48193285666607,1.93836505312298,0.494444953959777,0,0.494444953959777,0.494444953959777,0.496784834967764,0.0337901182040114,0.4392572862465,0.566181019751175,NA,NA,NA,NA,0.505555046040223,0,0.505555046040223,0.505555046040223,0.303333027624134,0,0.303333027624134,0.303333027624134,0.305348902678219,0.0199210975304969,0.264804058733429,0.339783936764046,0,0,0,0,0.302505389902515,0.037348181355133,0.234415466577252,0.368976764491645,0.0928974231373559,0.0225741556919337,0.0549516417822545,0.136144399591511,1.27443021742445,0.0414692353803768,1.19684439063032,1.35297546056867,0.387987215435186,0.0299306724196186,0.335607614111237,0.458318987829627,0.151425445266883,0.0235614159588252,0.112632672642551,0.210056333695373,0.978530792796444,0.0314253221750307,0.918793246365416,1.03653305356889,0.547722557505166,7.987342434303e-17,0.547722557505166,0.547722557505166,0.3,1.01017450439396e-16,0.3,0.3,0.676237560849252,0.0187865277212763,0.638249369706252,0.711918387208133,0.390532779076807,0.0482162947998549,0.302629066049046,0.476346954671213,0.15482903856226,0.0376235928198894,0.0915860696370907,0.226907332652519,0.977908777571228,0.0540912514186648,0.87508267282192,1.07883081260805,0.549254049027257,0.0678124771255211,0.425624297846929,0.669945027952469,0.306255549766467,0.0744203684931591,0.181159441201194,0.448828143304628,0.677207486316813,0.0786946131630459,0.520887857085211,0.818187601995725,-0.207102576862644,-0.14517096143774,0.00625554976646669,0.598192656575201,0.301671216721976,0.000969925467560917,1
5,"sc005_q000_rb10_micro-moderate_r230_block_targeted","core",0,10,"moderate",0.2,0.8,1,0,0.2,1,50,10,0.3,"block_targeted",200,500,40,5,0,0,0,0,0,0,0,0,0,0,0,0,10,0,10,10,0.2,0,0.2,0.2,0.8,0,0.8,0.8,1,0,1,1,0,0,0,0,0.2,0,0.2,0.2,1,0,1,1,50,0,50,50,10,0,10,10,0.3,0,0.3,0.3,1,0,1,1,1.00212558044724,0.0554582395558077,0.897161493964867,1.11142827760283,0.261051456779261,0,0.261051456779261,0.261051456779261,0.265503571038592,0.0199239532150797,0.229116134382023,0.302781311089797,NA,NA,NA,NA,0.738948543220739,0,0.738948543220739,0.738948543220739,0.738948543220739,0,0.738948543220739,0.738948543220739,0.734869477351982,0.0203576426848612,0.693520669750978,0.7725556391859,0,0,0,0,0.470805132820722,0.0205507657401103,0.430091565351336,0.505687435790262,0.22207769539298,0.0192513039915699,0.184978784124025,0.255719883226824,0.962939265143043,0.0249987092934568,0.920736207279696,1.0098639533285,0.470805132820722,0.0205507657401103,0.430091565351336,0.505687435790262,0.22207769539298,0.0192513039915699,0.184978784124025,0.255719883226824,0.962939265143043,0.0249987092934568,0.920736207279696,1.0098639533285,0.547722557505166,6.77016964842329e-17,0.547722557505166,0.547722557505166,0.3,8.54012346800413e-17,0.3,0.3,0.814803867973093,0.0216400552165148,0.773531660586919,0.853302825645464,0.470805132820722,0.0205507657401103,0.430091565351336,0.505687435790262,0.22207769539298,0.0192513039915699,0.184978784124025,0.255719883226824,0.962939265143043,0.0249987092934568,0.920736207279696,1.0098639533285,0.547689090606921,0.0239067703702433,0.500326869619491,0.588267783275799,0.300532015971024,0.0260522930428447,0.250327016435795,0.346059120858752,0.816061519465677,0.0295013637592867,0.765965863132136,0.871076200532749,-0.0779223046070201,-0.0779223046070201,0.000532015971023814,0.148135397169949,0.148135397169949,0.00125765149258339,1
6,"sc006_q010_rb10_micro-moderate_r230_block_targeted","core",0.1,10,"moderate",0.2,0.8,1,0.111111111111111,0.311111111111111,1.11111111111111,50,10,0.3,"block_targeted",200,500,40,5,0.1,0,0.1,0.1,0.1,0,0.1,0.1,0.100250103137876,0.00575297497575459,0.0893528197989095,0.111381800282717,10,0,10,10,0.2,0,0.2,0.2,0.8,0,0.8,0.8,1,0,1,1,0.111111111111111,0,0.111111111111111,0.111111111111111,0.311111111111111,0,0.311111111111111,0.311111111111111,1.11111111111111,0,1.11111111111111,1.11111111111111,50,0,50,50,10,0,10,10,0.3,0,0.3,0.3,1.11111111111111,0,1.11111111111111,1.11111111111111,1.1120009928598,0.06431988295834,0.997569769234439,1.24350985017418,0.261051456779261,0,0.261051456779261,0.261051456779261,0.267352205464075,0.0197727165401631,0.229904204251164,0.30604833966004,NA,NA,NA,NA,0.738948543220739,0,0.738948543220739,0.738948543220739,0.665053688898665,0,0.665053688898665,0.665053688898665,0.658289197787358,0.0219367605364421,0.616646939214731,0.70101406061269,0,0,0,0,0.442815348054383,0.0235387235110066,0.400822074007178,0.491759871144371,0.19663673361953,0.0208267608568121,0.16065909065357,0.241827782260464,1.02083210220684,0.0303984102353667,0.963328980117586,1.08206670122018,0.467438182236163,0.0205223665498087,0.426486862963845,0.507057457472628,0.218917515903409,0.0190684699112044,0.181891066596359,0.257107269418661,0.963364022794012,0.0285594291032938,0.909332627318961,1.0255752744638,0.547722557505166,6.53744784250994e-17,0.547722557505166,0.547722557505166,0.3,8.49467278092754e-17,0.3,0.3,0.811935212644064,0.0221606793179666,0.766269034200096,0.855982243728757,0.466768360910687,0.0248119931692455,0.422503563445086,0.518360418229041,0.218485259577255,0.0231408453964579,0.178510100726189,0.26869753584496,0.964820187212623,0.0321510123949631,0.903820555160241,1.02944508725513,0.542993101157638,0.0288638696302911,0.49149972315518,0.60301030357414,0.295670465259973,0.0313159090829214,0.241573114073877,0.363621443346827,0.818185874292059,0.0378695346019006,0.745546828031472,0.893703289095056,-0.10336326638047,-0.0815147404227448,-0.00432953474002701,0.208896889562772,0.152884974568558,0.00625066164799415,1
7,"sc007_q025_rb10_micro-moderate_r230_block_targeted","core",0.25,10,"moderate",0.2,0.8,1,0.333333333333333,0.533333333333333,1.33333333333333,50,10,0.3,"block_targeted",200,500,40,5,0.25,0,0.25,0.25,0.25,0,0.25,0.25,0.25037679826766,0.0151648866571978,0.225668954867507,0.279083617201998,10,0,10,10,0.2,0,0.2,0.2,0.8,0,0.8,0.8,1,0,1,1,0.333333333333333,0,0.333333333333333,0.333333333333333,0.533333333333333,0,0.533333333333333,0.533333333333333,1.33333333333333,0,1.33333333333333,1.33333333333333,50,0,50,50,10,0,10,10,0.3,0,0.3,0.3,1.33333333333333,0,1.33333333333333,1.33333333333333,1.33613053063061,0.0799253251452366,1.19438561109735,1.47709019731189,0.261051456779261,0,0.261051456779261,0.261051456779261,0.262669354490978,0.0208695818508244,0.225051392561207,0.302671120591214,NA,NA,NA,NA,0.738948543220739,0,0.738948543220739,0.738948543220739,0.554211407415554,0,0.554211407415554,0.554211407415554,0.55351450231964,0.021725136624296,0.511223104393011,0.595219113890852,0,0,0,0,0.406229062105986,0.0274589520513334,0.358630428437831,0.454416259240653,0.165772274977028,0.0221665232329439,0.128616266538903,0.206494140914078,1.12472982210715,0.036535051960661,1.05294537124175,1.19889110379388,0.472197340148561,0.0205834966409271,0.430941013456851,0.511813038153656,0.223391889975673,0.0193883422468104,0.185710648985064,0.261953231235486,0.962177877289599,0.0302627004097277,0.903537182003171,1.03321298323245,0.547722557505166,6.77016964842329e-17,0.547722557505166,0.547722557505166,0.3,8.66611734233853e-17,0.3,0.3,0.816271706267546,0.0217486641400166,0.771792238623236,0.853784266997185,0.469072916719081,0.0317068667170047,0.414110748796346,0.524714699193467,0.221029699969371,0.0295553643105919,0.171488355385205,0.275325521218771,0.964990528234166,0.0425949225964705,0.880545443265938,1.05071713833599,0.545673998172057,0.0368846976968787,0.48173633549825,0.610402258589619,0.299113790800647,0.0399965120463917,0.232070767252298,0.372590924963128,0.818195566694884,0.0502909448383986,0.717152868573197,0.918125805011917,-0.134227725022972,-0.0789703000306292,-0.000886209199353227,0.3084581158396,0.14871882196662,0.00192386042733794,0.995
8,"sc008_q040_rb10_micro-moderate_r230_block_targeted","core",0.4,10,"moderate",0.2,0.8,1,0.666666666666667,0.866666666666667,1.66666666666667,50,10,0.3,"block_targeted",200,500,40,5,0.4,0,0.4,0.4,0.4,0,0.4,0.4,0.40178278127865,0.0241660827258116,0.359158197550693,0.449630040376407,10,0,10,10,0.2,0,0.2,0.2,0.8,0,0.8,0.8,1,0,1,1,0.666666666666667,0,0.666666666666667,0.666666666666667,0.866666666666667,0,0.866666666666667,0.866666666666667,1.66666666666667,0,1.66666666666667,1.66666666666667,50,0,50,50,10,0,10,10,0.3,0,0.3,0.3,1.66666666666667,0,1.66666666666667,1.66666666666667,1.66522419656584,0.0997811372031791,1.48270046671508,1.85619231557835,0.261051456779261,0,0.261051456779261,0.261051456779261,0.265053504986543,0.0213120805256997,0.223670130472908,0.305768652727723,NA,NA,NA,NA,0.738948543220739,0,0.738948543220739,0.738948543220739,0.443369125932443,0,0.443369125932443,0.443369125932443,0.441868485261662,0.0227125839460517,0.397070659076775,0.484237096348125,0,0,0,0,0.363945892932498,0.031465942051614,0.30005441360961,0.424900086381096,0.133441767964083,0.0229235006776976,0.0900327140229036,0.180540127789445,1.26157125174633,0.0398975207649058,1.18332824196815,1.33223598934217,0.469303338672216,0.019897575187587,0.432578781664985,0.509059630115138,0.220639557619743,0.0187112185702537,0.18712441052907,0.25914190453067,0.963515697757137,0.0269318756999619,0.910704556314585,1.0129753329393,0.547722557505166,7.21312294489842e-17,0.547722557505166,0.547722557505166,0.3,9.23696919710849e-17,0.3,0.3,0.814208056599794,0.0219716015314696,0.768478400350708,0.853102975693768,0.46985212741605,0.0406223565128762,0.387368582288683,0.548543652785359,0.222402946606804,0.0382058344628294,0.150054523371506,0.300900212982408,0.961116854156117,0.0524150648255444,0.85650397629251,1.0527041411957,0.546580456424662,0.0472561149950744,0.450627089157434,0.638122555190182,0.300972170047797,0.0517029701368753,0.203064915342396,0.407200495545903,0.813385826413911,0.062052419712473,0.68742098049942,0.920399101721881,-0.166558232035917,-0.0775970533931955,0.000972170047797538,0.447363195146539,0.146908797556323,-0.000822230185883122,0.97
9,"sc009_q000_rb50_micro-moderate_r230_block_targeted","core",0,50,"moderate",0.2,0.8,1,0,0.2,1,250,50,0.3,"block_targeted",200,500,40,5,0,0,0,0,0,0,0,0,0,0,0,0,50,0,50,50,0.2,0,0.2,0.2,0.8,0,0.8,0.8,1,0,1,1,0,0,0,0,0.2,0,0.2,0.2,1,0,1,1,250,0,250,250,50,0,50,50,0.3,0,0.3,0.3,1,0,1,1,0.999785382976627,0.0584380225518799,0.890752885887867,1.11370704537991,0.212227591083751,0,0.212227591083751,0.212227591083751,0.242295274753717,0.025529568205342,0.199094848955851,0.295767460594154,NA,NA,NA,NA,0.787772408916249,0,0.787772408916249,0.787772408916249,0.787772408916249,0,0.787772408916249,0.787772408916249,0.757294860012969,0.0267658736334228,0.691836467157561,0.799848935135425,802,0,802,802,0.476910420481052,0.0210246589624111,0.435078192044188,0.519231904116675,0.227883375266477,0.0201263043661807,0.189293033493136,0.26960205759786,0.961357590148218,0.0273443437449129,0.907377375994779,1.01165183633054,0.476910420481052,0.0210246589624111,0.435078192044188,0.519231904116675,0.227883375266477,0.0201263043661807,0.189293033493136,0.26960205759786,0.961357590148218,0.0273443437449129,0.907377375994779,1.01165183633054,0.547722557505166,6.29612988419424e-17,0.547722557505166,0.547722557505166,0.3,8.40303393231185e-17,0.3,0.3,0.825853087703331,0.0229075755649549,0.780286815647368,0.865165966225672,0.476910420481052,0.0210246589624111,0.435078192044188,0.519231904116675,0.227883375266477,0.0201263043661807,0.189293033493136,0.26960205759786,0.961357590148218,0.0273443437449129,0.907377375994779,1.01165183633054,0.537324234813128,0.0236880099574871,0.490192804737238,0.585006897707619,0.289275649524181,0.0255483742999692,0.240288986197866,0.342233435122151,0.843656198398525,0.0312071780937466,0.781732719756948,0.900672980491606,-0.0721166247335231,-0.0721166247335231,-0.0107243504758188,0.135504502444887,0.135504502444887,0.0178031106951941,1
10,"sc010_q010_rb50_micro-moderate_r230_block_targeted","core",0.1,50,"moderate",0.2,0.8,1,0.111111111111111,0.311111111111111,1.11111111111111,250,50,0.3,"block_targeted",200,500,40,5,0.1,0,0.1,0.1,0.1,0,0.1,0.1,0.0999848950860594,0.00548465423200046,0.0902450183090784,0.1102176239056,50,0,50,50,0.2,0,0.2,0.2,0.8,0,0.8,0.8,1,0,1,1,0.111111111111111,0,0.111111111111111,0.111111111111111,0.311111111111111,0,0.311111111111111,0.311111111111111,1.11111111111111,0,1.11111111111111,1.11111111111111,250,0,250,250,50,0,50,50,0.3,0,0.3,0.3,1.11111111111111,0,1.11111111111111,1.11111111111111,1.11459336357718,0.0608893712591148,1.00810771315792,1.23121607997638,0.212227591083751,0,0.212227591083751,0.212227591083751,0.241572454774183,0.0225756848740664,0.203757001512382,0.287496260017936,NA,NA,NA,NA,0.787772408916249,0,0.787772408916249,0.787772408916249,0.708995168024624,0,0.708995168024624,0.708995168024624,0.682070503923417,0.0244240483302917,0.634209334638992,0.730050559221029,802,0,802,802,0.451835126929048,0.0229173129356006,0.408609219915811,0.493042153572382,0.204677559143017,0.0206436952360757,0.166962004712544,0.243090578704379,1.01954468013768,0.0288901479124304,0.969099134341386,1.07949515383173,0.476354981315367,0.0203427792009041,0.439273504406327,0.512812397991851,0.227325827746252,0.0193819494090708,0.192961241623995,0.262976645150278,0.962848140615619,0.025518247765884,0.921191355977433,1.015262381318,0.547722557505166,5.88949022232089e-17,0.547722557505166,0.547722557505166,0.3,7.9094152788218e-17,0.3,0.3,0.826827386828035,0.0225791784404245,0.782104739245659,0.866410833895901,0.476276042655691,0.0241569689091125,0.430711935959533,0.51971206258775,0.227419510158907,0.0229374391511953,0.185513338569494,0.270100643004866,0.963463146046403,0.0305638361444688,0.909968138945841,1.02674177546433,0.536609495598056,0.0272171130616114,0.485273442297393,0.585547881447918,0.288686818153192,0.0291168348771578,0.235491033285498,0.342866340516352,0.846025476196499,0.0347859740670635,0.784738428969005,0.917589818850058,-0.0953224408569833,-0.0725804898410926,-0.0113131818468079,0.192717293309643,0.136635759218368,0.0191980893684641,1
11,"sc011_q025_rb50_micro-moderate_r230_block_targeted","core",0.25,50,"moderate",0.2,0.8,1,0.333333333333333,0.533333333333333,1.33333333333333,250,50,0.3,"block_targeted",200,500,40,5,0.25,0,0.25,0.25,0.25,0,0.25,0.25,0.252384639369992,0.0148794510247781,0.227682083668787,0.281882786025309,50,0,50,50,0.2,0,0.2,0.2,0.8,0,0.8,0.8,1,0,1,1,0.333333333333333,0,0.333333333333333,0.333333333333333,0.533333333333333,0,0.533333333333333,0.533333333333333,1.33333333333333,0,1.33333333333333,1.33333333333333,250,0,250,250,50,0,50,50,0.3,0,0.3,0.3,1.33333333333333,0,1.33333333333333,1.33333333333333,1.32529120646562,0.0778660022658942,1.18252700721236,1.46403116564588,0.212227591083751,0,0.212227591083751,0.212227591083751,0.242771630269685,0.023257493700757,0.202632075246093,0.302801727833086,NA,NA,NA,NA,0.787772408916249,0,0.787772408916249,0.787772408916249,0.590829306687187,0,0.590829306687187,0.590829306687187,0.568217339454394,0.0247069707366048,0.518690947709037,0.613347592385245,802,0,802,802,0.410037350099403,0.0256597464897174,0.357864652424239,0.458775575754173,0.168785758953508,0.0209733061012806,0.128067116064455,0.21047558064856,1.12132802326984,0.0329061825830704,1.06136684996357,1.18350179969913,0.475490421183282,0.018340800148336,0.442136311029163,0.512109729876469,0.226425843662386,0.01749124342915,0.1954845701047,0.262256521752447,0.961691191936338,0.0248431687426417,0.916114791810965,1.00488427682254,0.547722557505166,6.09620154676078e-17,0.547722557505166,0.547722557505166,0.3,8.159958006033e-17,0.3,0.3,0.825054262954475,0.0229826087911965,0.773080346989795,0.861897907721038,0.473470348915383,0.0296293230863518,0.413226506821172,0.529748404318594,0.225047678604677,0.0279644081350408,0.170756154752606,0.280634107531414,0.961069066468804,0.0383956483299294,0.890598719615601,1.03312296595165,0.533448383621072,0.0333826913225048,0.465573002909485,0.596855601743501,0.285676010047468,0.03549808017967,0.216758232225368,0.356237543172509,0.843199987838163,0.0437764378790661,0.762193065043506,0.924724474244288,-0.131214241046492,-0.0749523213953232,-0.0143239899525316,0.296273760315364,0.136014803514329,0.0181457248836874,1
12,"sc012_q040_rb50_micro-moderate_r230_block_targeted","core",0.4,50,"moderate",0.2,0.8,1,0.666666666666667,0.866666666666667,1.66666666666667,250,50,0.3,"block_targeted",200,500,40,5,0.4,0,0.4,0.4,0.4,0,0.4,0.4,0.401550079214525,0.0236044163949419,0.36255136998265,0.450850621610144,50,0,50,50,0.2,0,0.2,0.2,0.8,0,0.8,0.8,1,0,1,1,0.666666666666667,0,0.666666666666667,0.666666666666667,0.866666666666667,0,0.866666666666667,0.866666666666667,1.66666666666667,0,1.66666666666667,1.66666666666667,250,0,250,250,50,0,50,50,0.3,0,0.3,0.3,1.66666666666667,0,1.66666666666667,1.66666666666667,1.66587489419064,0.0967273355326467,1.47868686181931,1.83881993733209,0.212227591083751,0,0.212227591083751,0.212227591083751,0.242018008068447,0.0223877709171552,0.206313172868086,0.300006162521439,NA,NA,NA,NA,0.787772408916249,0,0.787772408916249,0.787772408916249,0.47266344534975,0,0.47266344534975,0.47266344534975,0.454900138365453,0.0214107312287136,0.409561027213384,0.49247483835599,802,0,802,802,0.370038454799164,0.0324903239756516,0.307280265137261,0.423538490008394,0.137978801076436,0.0236610987086502,0.0944219988802121,0.179384859998821,1.26050294545906,0.0380739992935988,1.1876005564788,1.32743227818939,0.479204306825919,0.0216898164515765,0.437495272935183,0.51847966675051,0.230104863577524,0.0207361130546617,0.191402325998707,0.268821276826241,0.95913128770239,0.026602711860298,0.911606557371878,1.00842813423594,0.547722557505166,6.04518641100089e-17,0.547722557505166,0.547722557505166,0.3,8.07411152459016e-17,0.3,0.3,0.826431565227006,0.0205938368221592,0.787367380020285,0.869026862914156,0.477717590964496,0.0419448278901941,0.39669711649827,0.546785839426782,0.229964668460726,0.0394351645144169,0.157369998133687,0.298974766664702,0.959763884321688,0.0500921409410006,0.862396822846071,1.04661826148168,0.538233655626251,0.0472582933451804,0.446949710933138,0.616051296342608,0.291917647607247,0.0500590831413714,0.199765816056167,0.379519215551108,0.841519520505028,0.0572457950409842,0.729040859300453,0.939777736165475,-0.162021198923564,-0.0700353315392739,-0.00808235239275251,0.43407138023205,0.133332319094682,0.015087955278022,0.98
13,"sc013_q000_rb02_micro-moderate_r260_block_targeted","core",0,2,"moderate",0.2,0.8,1,0,0.2,1,10,2,0.6,"block_targeted",200,500,40,5,0,0,0,0,0,0,0,0,0,0,0,0,2,0,2,2,0.2,0,0.2,0.2,0.8,0,0.8,0.8,1,0,1,1,0,0,0,0,0.2,0,0.2,0.2,1,0,1,1,10,0,10,10,2,0,2,2,0.6,0,0.6,0.6,1,0,1,1,0.997612945073612,0.0585330092007833,0.892653476782004,1.10868437661012,0.494444953959777,0,0.494444953959777,0.494444953959777,0.49748819847336,0.033417738046602,0.439020748662715,0.561979290786515,NA,NA,NA,NA,0.505555046040223,0,0.505555046040223,0.505555046040223,0.505555046040223,0,0.505555046040223,0.505555046040223,0.503812460733424,0.0219716893533951,0.463838867913216,0.54701358296585,0,0,0,0,0.548690030201739,0.0254616837118667,0.496980676133517,0.592255176711939,0.301705805093542,0.0277499828860918,0.246990005547125,0.350766350955427,0.849922980874877,0.0265338506122046,0.799231935175523,0.901135035017836,0.548690030201739,0.0254616837118667,0.496980676133517,0.592255176711939,0.301705805093542,0.0277499828860918,0.246990005547125,0.350766350955427,0.849922980874877,0.0265338506122046,0.799231935175523,0.901135035017836,0.774596669241483,8.83423533348133e-17,0.774596669241483,0.774596669241484,0.6,1.53013444436099e-16,0.6,0.6,0.476275094442605,0.0126056461223154,0.455077748197238,0.500890358653275,0.548690030201739,0.0254616837118667,0.496980676133517,0.592255176711939,0.301705805093542,0.0277499828860918,0.246990005547125,0.350766350955427,0.849922980874877,0.0265338506122046,0.799231935175523,0.901135035017836,0.771689949974524,0.0358098823531628,0.698964756044082,0.832960947952613,0.59678131482746,0.054890131358483,0.488552151702732,0.693824250599052,0.475787883158031,0.0475588469291894,0.379903407262206,0.563559566513307,-0.298294194906458,-0.298294194906458,-0.00321868517253954,0.373647886432272,0.373647886432272,-0.00048721128457363,1
14,"sc014_q010_rb02_micro-moderate_r260_block_targeted","core",0.1,2,"moderate",0.2,0.8,1,0.111111111111111,0.311111111111111,1.11111111111111,10,2,0.6,"block_targeted",200,500,40,5,0.1,0,0.1,0.1,0.1,0,0.1,0.1,0.100040554699237,0.00683203251037537,0.0879230730890353,0.114190033845468,2,0,2,2,0.2,0,0.2,0.2,0.8,0,0.8,0.8,1,0,1,1,0.111111111111111,0,0.111111111111111,0.111111111111111,0.311111111111111,0,0.311111111111111,0.311111111111111,1.11111111111111,0,1.11111111111111,1.11111111111111,10,0,10,10,2,0,2,2,0.6,0,0.6,0.6,1.11111111111111,0,1.11111111111111,1.11111111111111,1.11578719962687,0.0757611380446174,0.97303721306857,1.26373204191147,0.494444953959777,0,0.494444953959777,0.494444953959777,0.496571098715071,0.0332505740411128,0.437223841909463,0.564133633400135,NA,NA,NA,NA,0.505555046040223,0,0.505555046040223,0.505555046040223,0.454999541436201,0,0.454999541436201,0.454999541436201,0.454457258243396,0.0218289432188978,0.409372070776186,0.494060569585931,0,0,0,0,0.522948942401753,0.0276332747121267,0.469345304854012,0.575400209567163,0.274235376241071,0.0287883283608909,0.220285052938698,0.331085417247568,0.913195911432293,0.028364270794563,0.857724720218401,0.96272220550704,0.550054125096321,0.0270255245893344,0.496241996187997,0.605532383518661,0.303286267619912,0.0296755547173521,0.246256127773867,0.366669483079868,0.850853146149089,0.0262874169416026,0.805003978112262,0.89665351238456,0.774596669241483,8.62133090638894e-17,0.774596669241483,0.774596669241484,0.6,1.48285220779914e-16,0.6,0.6,0.476812665572011,0.0130694470254857,0.446805867028398,0.497561088427966,0.551236585988581,0.029128029099818,0.49473339081492,0.606525076123481,0.30470597360119,0.0319870315121011,0.244761169931887,0.367872685830631,0.850112368351341,0.0304923076227119,0.790304073370232,0.903173809793375,0.775271483079897,0.0409663126385411,0.695804123629368,0.853030454152655,0.602715720054246,0.0632711151093052,0.484143461427172,0.727660991047377,0.475482648780374,0.0557044199773277,0.360741090308816,0.566813846103142,-0.325764623758929,-0.29529402639881,0.00271572005424559,0.436383245860281,0.37329970277933,-0.00133001679163697,1
15,"sc015_q025_rb02_micro-moderate_r260_block_targeted","core",0.25,2,"moderate",0.2,0.8,1,0.333333333333333,0.533333333333333,1.33333333333333,10,2,0.6,"block_targeted",200,500,40,5,0.25,0,0.25,0.25,0.25,0,0.25,0.25,0.249571617365551,0.0164523420448077,0.21901853755791,0.27609111095999,2,0,2,2,0.2,0,0.2,0.2,0.8,0,0.8,0.8,1,0,1,1,0.333333333333333,0,0.333333333333333,0.333333333333333,0.533333333333333,0,0.533333333333333,0.533333333333333,1.33333333333333,0,1.33333333333333,1.33333333333333,10,0,10,10,2,0,2,2,0.6,0,0.6,0.6,1.33333333333333,0,1.33333333333333,1.33333333333333,1.34150446871824,0.0900486945511118,1.207359806304,1.52194450625281,0.494444953959777,0,0.494444953959777,0.494444953959777,0.496497975749376,0.0347966535789121,0.426268619080127,0.558078044328079,NA,NA,NA,NA,0.505555046040223,0,0.505555046040223,0.505555046040223,0.379166284530167,0,0.379166284530167,0.379166284530167,0.37894682411767,0.020673354956275,0.340787280314032,0.421931015357942,0,0,0,0,0.47537653846189,0.0315005429443166,0.403420373389195,0.531498968199557,0.226970176104767,0.0295873671438229,0.16274800047366,0.282491174335225,1.03046244425203,0.0341878111060382,0.971149369764769,1.09257171721505,0.549186906009385,0.0253290996938178,0.49942811022695,0.591697402445042,0.302244613207004,0.0277158225918417,0.24943000626934,0.350106000147864,0.852467690083176,0.0292611756302398,0.801350948341549,0.911455002224568,0.774596669241483,8.25429591471429e-17,0.774596669241483,0.774596669241484,0.6,1.42317258081397e-16,0.6,0.6,0.476349583303332,0.012537970655859,0.454385959480196,0.503250073433016,0.54891754489481,0.0363736938970411,0.465829722345663,0.613722144728046,0.302626901473023,0.0394498228584306,0.21699733396488,0.376654899113634,0.853221066842048,0.0412893841046541,0.780895471706414,0.927566497967203,0.772009931735537,0.0511567779233677,0.655153356807669,0.863152572663497,0.598603265546171,0.0780326952869379,0.42922592834256,0.745032419444324,0.479247067679971,0.0747509919061428,0.339635759224883,0.604925266507289,-0.373029823895233,-0.297373098526977,-0.0013967344538286,0.554112860948702,0.376871483538716,0.00289748437663889,1
16,"sc016_q040_rb02_micro-moderate_r260_block_targeted","core",0.4,2,"moderate",0.2,0.8,1,0.666666666666667,0.866666666666667,1.66666666666667,10,2,0.6,"block_targeted",200,500,40,5,0.4,0,0.4,0.4,0.4,0,0.4,0.4,0.403068649002586,0.0253928755142405,0.356970101497634,0.445841317404028,2,0,2,2,0.2,0,0.2,0.2,0.8,0,0.8,0.8,1,0,1,1,0.666666666666667,0,0.666666666666667,0.666666666666667,0.866666666666667,0,0.866666666666667,0.866666666666667,1.66666666666667,0,1.66666666666667,1.66666666666667,10,0,10,10,2,0,2,2,0.6,0,0.6,0.6,1.66666666666667,0,1.66666666666667,1.66666666666667,1.6605904634718,0.105904738278994,1.49530100182924,1.8675782306365,0.494444953959777,0,0.494444953959777,0.494444953959777,0.494449951205081,0.0316878436071953,0.436920831349406,0.558127655883019,NA,NA,NA,NA,0.505555046040223,0,0.505555046040223,0.505555046040223,0.303333027624134,0,0.303333027624134,0.303333027624134,0.301363032890346,0.0198368384785201,0.259481127733194,0.342615870551094,0,0,0,0,0.424587115726179,0.0322047820442361,0.36596979410674,0.488853517163973,0.18130618108726,0.0274881215766994,0.133936399776904,0.238977765551958,1.17699329386996,0.0367061249348738,1.09953746992971,1.25087531867676,0.548518617328519,0.0266982432962448,0.497821988603735,0.601624572217341,0.301581905770121,0.0293593019939635,0.247826740887832,0.361952129537998,0.849457696076212,0.0273922612694406,0.795732942204079,0.896058659757607,0.774596669241483,8.32899694786993e-17,0.774596669241483,0.774596669241484,0.6,1.42968599049934e-16,0.6,0.6,0.475557382053555,0.0132406706146696,0.448757611551051,0.501855778721725,0.548139609407244,0.0415761948418553,0.472464972596788,0.631107176903663,0.302176968478766,0.0458135359611656,0.223227332961507,0.39829627591993,0.846995081607356,0.0509850878863077,0.736421034424747,0.947640422493268,0.770915825838876,0.0584736917961603,0.664485321400641,0.887603271366689,0.597713287297946,0.0906202723521438,0.441549015700551,0.787839581544283,0.464630705775287,0.0985345045749572,0.218792585055843,0.635277374225824,-0.41869381891274,-0.297823031521234,-0.00228671270205372,0.701435911816407,0.371437699553801,-0.0109266762782676,1
17,"sc017_q000_rb10_micro-moderate_r260_block_targeted","core",0,10,"moderate",0.2,0.8,1,0,0.2,1,50,10,0.6,"block_targeted",200,500,40,5,0,0,0,0,0,0,0,0,0,0,0,0,10,0,10,10,0.2,0,0.2,0.2,0.8,0,0.8,0.8,1,0,1,1,0,0,0,0,0.2,0,0.2,0.2,1,0,1,1,50,0,50,50,10,0,10,10,0.6,0,0.6,0.6,1,0,1,1,1.0026376771483,0.0570829156673756,0.889069569996659,1.10830138055766,0.261051456779261,0,0.261051456779261,0.261051456779261,0.26271391680503,0.0191299730806867,0.227438560879638,0.301383966006488,NA,NA,NA,NA,0.738948543220739,0,0.738948543220739,0.738948543220739,0.738948543220739,0,0.738948543220739,0.738948543220739,0.736141662062444,0.0193639691735331,0.698700490589758,0.776030672231444,0,0,0,0,0.664754564631713,0.01752633969227,0.631945166244651,0.695887998935367,0.442204267918792,0.0231974743937601,0.399354719621839,0.484260197385062,0.771518484263715,0.0236414759503465,0.722822697256506,0.808594242511065,0.664754564631713,0.01752633969227,0.631945166244651,0.695887998935367,0.442204267918792,0.0231974743937601,0.399354719621839,0.484260197385062,0.771518484263715,0.0236414759503465,0.722822697256506,0.808594242511065,0.774596669241483,8.36609734061262e-17,0.774596669241483,0.774596669241484,0.6,1.40124256975116e-16,0.6,0.6,0.575206096411931,0.0145695668668976,0.545876155244588,0.600728356136443,0.664754564631713,0.01752633969227,0.631945166244651,0.695887998935367,0.442204267918792,0.0231974743937601,0.399354719621839,0.484260197385062,0.771518484263715,0.0236414759503465,0.722822697256506,0.808594242511065,0.773311074156407,0.0203884460439444,0.735143797902831,0.809528696124712,0.598423627701363,0.0313925436440445,0.540436439432215,0.655336832080882,0.577705462878262,0.0317312478571157,0.51129347253049,0.626716132658318,-0.157795732081208,-0.157795732081208,-0.00157637229863739,0.196312387851784,0.196312387851784,0.0024993664663312,1
18,"sc018_q010_rb10_micro-moderate_r260_block_targeted","core",0.1,10,"moderate",0.2,0.8,1,0.111111111111111,0.311111111111111,1.11111111111111,50,10,0.6,"block_targeted",200,500,40,5,0.1,0,0.1,0.1,0.1,0,0.1,0.1,0.100812095927279,0.0059291559473257,0.0902803263370651,0.111125475870305,10,0,10,10,0.2,0,0.2,0.2,0.8,0,0.8,0.8,1,0,1,1,0.111111111111111,0,0.111111111111111,0.111111111111111,0.311111111111111,0,0.311111111111111,0.311111111111111,1.11111111111111,0,1.11111111111111,1.11111111111111,50,0,50,50,10,0,10,10,0.6,0,0.6,0.6,1.11111111111111,0,1.11111111111111,1.11111111111111,1.10599745965362,0.0657577798744224,0.999870849095846,1.23073561575845,0.261051456779261,0,0.261051456779261,0.261051456779261,0.264850549199168,0.021050776689116,0.226276533481506,0.310070804931637,NA,NA,NA,NA,0.738948543220739,0,0.738948543220739,0.738948543220739,0.665053688898665,0,0.665053688898665,0.665053688898665,0.66065743669492,0.0223792592204892,0.616561956949395,0.697153534368709,0,0,0,0,0.628575103273822,0.0230399061954205,0.582431204680678,0.672891905579767,0.395634843546802,0.028869525688433,0.339226385320376,0.452783715450893,0.839817768238346,0.0260634298013188,0.790361314232552,0.886865325354201,0.663330414968841,0.0188596122403022,0.625306663971195,0.696802759023472,0.44036114597172,0.0249715175394546,0.39100844560677,0.485534100961136,0.769801364320081,0.0227245146500539,0.722429557529143,0.813870647713925,0.774596669241483,8.4398088735802e-17,0.774596669241483,0.774596669241484,0.6,1.48702338961912e-16,0.6,0.6,0.573734558835633,0.0161278906984805,0.539443866963159,0.606769912149917,0.662576335606946,0.0242861935513844,0.613936395715555,0.709290346907676,0.439594270607558,0.0320772507649256,0.376918205911529,0.503093017167659,0.770750447433784,0.0283982160153635,0.716630929035371,0.821838641135527,0.770777133486388,0.0282522052824059,0.714194138550275,0.825119689640382,0.594891585673296,0.0434093159249161,0.51007368424967,0.680822801239862,0.576515219270211,0.0380085122630526,0.50250212749499,0.643712842324077,-0.204365156453198,-0.160405729392443,-0.00510841432670395,0.266083209402713,0.19701588859815,0.00278066043457736,1
19,"sc019_q025_rb10_micro-moderate_r260_block_targeted","core",0.25,10,"moderate",0.2,0.8,1,0.333333333333333,0.533333333333333,1.33333333333333,50,10,0.6,"block_targeted",200,500,40,5,0.25,0,0.25,0.25,0.25,0,0.25,0.25,0.251513932352668,0.0151881535968191,0.223816129533198,0.284537183906566,10,0,10,10,0.2,0,0.2,0.2,0.8,0,0.8,0.8,1,0,1,1,0.333333333333333,0,0.333333333333333,0.333333333333333,0.533333333333333,0,0.533333333333333,0.533333333333333,1.33333333333333,0,1.33333333333333,1.33333333333333,50,0,50,50,10,0,10,10,0.6,0,0.6,0.6,1.33333333333333,0,1.33333333333333,1.33333333333333,1.33012443200068,0.0805230846489481,1.17149406420923,1.48931774738259,0.261051456779261,0,0.261051456779261,0.261051456779261,0.264911672707376,0.0220267402994225,0.223896856374091,0.311485602348849,NA,NA,NA,NA,0.738948543220739,0,0.738948543220739,0.738948543220739,0.554211407415554,0,0.554211407415554,0.554211407415554,0.552950529476037,0.0209975197320426,0.514499497096798,0.592287080632049,0,0,0,0,0.575812773386785,0.0249812112657156,0.526331208001313,0.620422052343747,0.332181290607102,0.0288526520454723,0.277024796537374,0.384923529343433,0.961749349892119,0.0283182173107952,0.909746972258283,1.01905374412229,0.664064265786493,0.0178464438212638,0.632950217453104,0.703084223384453,0.441298252173834,0.0237469786031393,0.400625989318617,0.494327464348984,0.772121874750346,0.0236816496666877,0.724164815695689,0.819765844811827,0.774596669241483,8.54918460951099e-17,0.774596669241483,0.774596669241484,0.6,1.48076221069589e-16,0.6,0.6,0.575533170784454,0.0163642327771705,0.543712193384171,0.607755087336602,0.664891319435371,0.0288458180978876,0.607754929244918,0.716401677863685,0.442908387476136,0.0384702027272964,0.369366395383166,0.51323137245791,0.768882035444842,0.035398749080464,0.703069136248697,0.839724445622059,0.773470161449281,0.0335564308468588,0.707003219178523,0.833392323290245,0.599376494533302,0.0520607328889538,0.499854013884738,0.694542775902865,0.573701179577999,0.0474674210479049,0.482964518496416,0.666397468805491,-0.267818709392898,-0.157091612523864,-0.000623505466698426,0.386216179107665,0.193348864660388,-0.00183199120645483,1
20,"sc020_q040_rb10_micro-moderate_r260_block_targeted","core",0.4,10,"moderate",0.2,0.8,1,0.666666666666667,0.866666666666667,1.66666666666667,50,10,0.6,"block_targeted",200,500,40,5,0.4,0,0.4,0.4,0.4,0,0.4,0.4,0.399804443285651,0.0240616627669839,0.35863189029073,0.447422950452694,10,0,10,10,0.2,0,0.2,0.2,0.8,0,0.8,0.8,1,0,1,1,0.666666666666667,0,0.666666666666667,0.666666666666667,0.866666666666667,0,0.866666666666667,0.866666666666667,1.66666666666667,0,1.66666666666667,1.66666666666667,50,0,50,50,10,0,10,10,0.6,0,0.6,0.6,1.66666666666667,0,1.66666666666667,1.66666666666667,1.67341585431557,0.099403963550287,1.49001688767486,1.85891630938774,0.261051456779261,0,0.261051456779261,0.261051456779261,0.262659662889516,0.0202937517592187,0.229150197542483,0.304233103788709,NA,NA,NA,NA,0.738948543220739,0,0.738948543220739,0.738948543220739,0.443369125932443,0,0.443369125932443,0.443369125932443,0.442333864375034,0.0211970561393519,0.402743285036933,0.485330451583876,0,0,0,0,0.515784959281779,0.0281980006889388,0.466810897355611,0.565714126252544,0.266825275827945,0.0291729243967136,0.217912557344175,0.320032563422542,1.1237495412861,0.0341014444185423,1.05556720081977,1.19129885423262,0.664855341862115,0.0175835855041664,0.633511074253813,0.698620367795216,0.442340262169377,0.0234433759417675,0.401336281205054,0.488070421393717,0.771960275351171,0.0205916988151671,0.73120333948979,0.811751069018998,0.774596669241483,7.71115278528222e-17,0.774596669241483,0.774596669241484,0.6,1.34024035509999e-16,0.6,0.6,0.576095252050653,0.0145117055886785,0.545807000299876,0.601761499174711,0.6658755191742,0.0364034623548684,0.602650277095474,0.730333796563462,0.444708793046575,0.0486215406611894,0.363187595573626,0.533387605704237,0.771253398764964,0.0498404866242761,0.66899553374756,0.867482719875091,0.7746150840985,0.0423482621623696,0.701064961290715,0.849599600758084,0.601812936944558,0.065798276628668,0.491492403504386,0.721819686360628,0.575941336138096,0.0675752280674264,0.43185941988883,0.701052626585112,-0.333174724172055,-0.155291206953425,0.00181293694455753,0.547654289235444,0.195158146714312,-0.000153915912556868,1
21,"sc021_q000_rb50_micro-moderate_r260_block_targeted","core",0,50,"moderate",0.2,0.8,1,0,0.2,1,250,50,0.6,"block_targeted",200,500,40,5,0,0,0,0,0,0,0,0,0,0,0,0,50,0,50,50,0.2,0,0.2,0.2,0.8,0,0.8,0.8,1,0,1,1,0,0,0,0,0.2,0,0.2,0.2,1,0,1,1,250,0,250,250,50,0,50,50,0.6,0,0.6,0.6,1,0,1,1,1.0008093131148,0.0475376953721921,0.90263425477729,1.09672855417694,0.212227591083751,0,0.212227591083751,0.212227591083751,0.242461344028155,0.0252575531253193,0.200269794138104,0.293253655525864,NA,NA,NA,NA,0.787772408916249,0,0.787772408916249,0.787772408916249,0.787772408916249,0,0.787772408916249,0.787772408916249,0.756211347909676,0.0264470548793812,0.698649634981899,0.796320632403666,802,0,802,802,0.674199660122744,0.0189430291845354,0.638561960991078,0.708246107151626,0.454902225872536,0.0254285006202334,0.407761387519226,0.501612672669216,0.763041148608156,0.022007312359153,0.7213412177977,0.807067048021733,0.674199660122744,0.0189430291845354,0.638561960991078,0.708246107151626,0.454902225872536,0.0254285006202334,0.407761387519226,0.501612672669216,0.763041148608156,0.022007312359153,0.7213412177977,0.807067048021733,0.774596669241483,7.5487945433725e-17,0.774596669241483,0.774596669241484,0.6,1.34715479663174e-16,0.6,0.6,0.582693020506132,0.0157871603791956,0.546451939879289,0.614274066937987,0.674199660122744,0.0189430291845354,0.638561960991078,0.708246107151626,0.454902225872536,0.0254285006202334,0.407761387519226,0.501612672669216,0.763041148608156,0.022007312359153,0.7213412177977,0.807067048021733,0.759605579851484,0.0213426845472496,0.719453386495953,0.797964945284194,0.577453869574274,0.0322789936946583,0.517613187392777,0.636748211782756,0.608052694330135,0.0276013343871848,0.555072561828641,0.662668183191017,-0.145097774127464,-0.145097774127464,-0.022546130425726,0.180348128102023,0.180348128102023,0.0253596738240026,1
22,"sc022_q010_rb50_micro-moderate_r260_block_targeted","core",0.1,50,"moderate",0.2,0.8,1,0.111111111111111,0.311111111111111,1.11111111111111,250,50,0.6,"block_targeted",200,500,40,5,0.1,0,0.1,0.1,0.1,0,0.1,0.1,0.0998109532543414,0.00541357394632569,0.0904896771384233,0.109153268040951,50,0,50,50,0.2,0,0.2,0.2,0.8,0,0.8,0.8,1,0,1,1,0.111111111111111,0,0.111111111111111,0.111111111111111,0.311111111111111,0,0.311111111111111,0.311111111111111,1.11111111111111,0,1.11111111111111,1.11111111111111,250,0,250,250,50,0,50,50,0.6,0,0.6,0.6,1.11111111111111,0,1.11111111111111,1.11111111111111,1.11646871973352,0.0604111104343332,1.0179378947729,1.2278871532004,0.212227591083751,0,0.212227591083751,0.212227591083751,0.244177191570695,0.0234468966619712,0.202107105698047,0.290639743995915,NA,NA,NA,NA,0.787772408916249,0,0.787772408916249,0.787772408916249,0.708995168024624,0,0.708995168024624,0.708995168024624,0.679818190224429,0.0236709613721819,0.632303961122825,0.721024878789823,802,0,802,802,0.638203193930396,0.0196691510011368,0.5999672950247,0.677190121625369,0.407688257866559,0.0251473936021349,0.359960764514254,0.458586486831996,0.835708487444831,0.0221930675637646,0.794875587038719,0.880791132259482,0.672895920663897,0.0171340364520073,0.642236874444902,0.705701222418147,0.453081027375226,0.023073561453286,0.412468211460875,0.498014231725554,0.766359304730164,0.0218228518541106,0.721725869720761,0.810558512988069,0.774596669241483,7.5487945433725e-17,0.774596669241483,0.774596669241484,0.6,1.30036423170285e-16,0.6,0.6,0.583225592176892,0.0154585037634796,0.552710865336103,0.609429284883718,0.6727252342714,0.0207331056017912,0.632421057962753,0.713821064434204,0.452986953185066,0.0279415484468166,0.399956405015838,0.50954054092444,0.766292676078567,0.0242094929513128,0.721606583737247,0.815280261739161,0.757944377436232,0.0233595233493642,0.712534569294543,0.804246124154128,0.575022618281652,0.0354690620419878,0.507705525719115,0.646811864895628,0.612081282693821,0.0303504945197148,0.555417292087584,0.672647237655972,-0.192311742133441,-0.147013046814934,-0.0249773817183481,0.252482895267939,0.183067083901675,0.0288556905169289,1
23,"sc023_q025_rb50_micro-moderate_r260_block_targeted","core",0.25,50,"moderate",0.2,0.8,1,0.333333333333333,0.533333333333333,1.33333333333333,250,50,0.6,"block_targeted",200,500,40,5,0.25,0,0.25,0.25,0.25,0,0.25,0.25,0.250848174346172,0.0138605714583798,0.226495979661751,0.280323961358563,50,0,50,50,0.2,0,0.2,0.2,0.8,0,0.8,0.8,1,0,1,1,0.333333333333333,0,0.333333333333333,0.333333333333333,0.533333333333333,0,0.533333333333333,0.533333333333333,1.33333333333333,0,1.33333333333333,1.33333333333333,250,0,250,250,50,0,50,50,0.6,0,0.6,0.6,1.33333333333333,0,1.33333333333333,1.33333333333333,1.33277954298472,0.0721916284845885,1.18910067740335,1.47169649769973,0.212227591083751,0,0.212227591083751,0.212227591083751,0.242735502298431,0.0223288929081337,0.207294083405854,0.291933507547488,NA,NA,NA,NA,0.787772408916249,0,0.787772408916249,0.787772408916249,0.590829306687187,0,0.590829306687187,0.590829306687187,0.567893453854143,0.0242091050503183,0.523736665291974,0.617623970678377,802,0,802,802,0.582292997584201,0.0254925145745338,0.530524067467702,0.627517762398555,0.339711753993431,0.0295614808700382,0.28145579345211,0.3937785422133,0.958378294360487,0.0323012587747566,0.906324444134883,1.02008336922478,0.673383817376783,0.0187728110047499,0.635056506509633,0.70874097732939,0.453796421845783,0.0252366424129368,0.403297326798732,0.502313774319416,0.764164589113839,0.0246845379306155,0.715931343443952,0.809536590563193,0.774596669241483,7.63040550482136e-17,0.774596669241483,0.774596669241484,0.6,1.33792760039128e-16,0.6,0.6,0.584206597766161,0.0157821071456668,0.55525078553018,0.617537617831893,0.672374037804946,0.0294362203038551,0.612596426328106,0.724595098084155,0.452949005324575,0.0394153078267176,0.37527439126948,0.525038056284399,0.764569320383426,0.0404439006992286,0.698634630476799,0.840973642628104,0.757548692283418,0.0331651267644886,0.690198603112897,0.816384985328458,0.574974447185455,0.0500338770190516,0.476374124076967,0.66648444441803,0.609431386152015,0.0507191569658199,0.525225806473379,0.703568739173051,-0.260288246006569,-0.147050994675425,-0.0250255528145451,0.374171696594326,0.180362722617265,0.0252247883858545,1
24,"sc024_q040_rb50_micro-moderate_r260_block_targeted","core",0.4,50,"moderate",0.2,0.8,1,0.666666666666667,0.866666666666667,1.66666666666667,250,50,0.6,"block_targeted",200,500,40,5,0.4,0,0.4,0.4,0.4,0,0.4,0.4,0.402131945896072,0.0246310326692996,0.354245315950413,0.452385081625733,50,0,50,50,0.2,0,0.2,0.2,0.8,0,0.8,0.8,1,0,1,1,0.666666666666667,0,0.666666666666667,0.666666666666667,0.866666666666667,0,0.866666666666667,0.866666666666667,1.66666666666667,0,1.66666666666667,1.66666666666667,250,0,250,250,50,0,50,50,0.6,0,0.6,0.6,1.66666666666667,0,1.66666666666667,1.66666666666667,1.66406272618989,0.10257639051869,1.47367114830413,1.88193554487874,0.212227591083751,0,0.212227591083751,0.212227591083751,0.241537215191515,0.0243409325349525,0.206365869969293,0.301309104146551,NA,NA,NA,NA,0.787772408916249,0,0.787772408916249,0.787772408916249,0.47266344534975,0,0.47266344534975,0.47266344534975,0.456093920660868,0.0240645011682297,0.40718198697862,0.498282821075255,802,0,802,802,0.52298584160503,0.027691689943706,0.471550999411428,0.581289386101757,0.2742771860628,0.0289991303304202,0.222364733940969,0.337897540707699,1.11601341620198,0.0317084356735509,1.05810851801681,1.17985912704728,0.67589031395643,0.0178469753419749,0.639173481891596,0.708393465647493,0.457144638456335,0.0240884727445915,0.408542753207565,0.501821380260145,0.761616774496101,0.0251693061818965,0.710821472024598,0.807315874311291,0.774596669241483,8.14095924217365e-17,0.774596669241483,0.774596669241484,0.6,1.38344829136637e-16,0.6,0.6,0.584358215421967,0.0156915944197238,0.555491316090737,0.615533533638846,0.675171818279517,0.0357498179934376,0.608769722535974,0.750441370566412,0.457128643438,0.0483318838840337,0.370607889901615,0.563162567846165,0.76003882468638,0.046599558022952,0.672998482223559,0.851704693920286,0.760700888562036,0.0402785151531318,0.685887142094936,0.845505398697266,0.580280088848097,0.0613525979546867,0.470450457145948,0.71487978186608,0.6034369844574,0.0589343468271017,0.490611198358132,0.71636114370316,-0.3257228139372,-0.142871356562,-0.0197199111519033,0.531655200780013,0.175680609264412,0.0190787690354322,0.995
25,"sc025_q000_rb02_micro-moderate_r280_block_targeted","core",0,2,"moderate",0.2,0.8,1,0,0.2,1,10,2,0.8,"block_targeted",200,500,40,5,0,0,0,0,0,0,0,0,0,0,0,0,2,0,2,2,0.2,0,0.2,0.2,0.8,0,0.8,0.8,1,0,1,1,0,0,0,0,0.2,0,0.2,0.2,1,0,1,1,10,0,10,10,2,0,2,2,0.8,0,0.8,0.8,1,0,1,1,0.991710659495193,0.0580390521048545,0.885770554895474,1.10910427144816,0.494444953959777,0,0.494444953959777,0.494444953959777,0.496346785527508,0.0337470145128961,0.43461292342439,0.558898248389186,NA,NA,NA,NA,0.505555046040223,0,0.505555046040223,0.505555046040223,0.505555046040223,0,0.505555046040223,0.505555046040223,0.501916826824171,0.0231116789438488,0.455373680548451,0.543674690191122,0,0,0,0,0.631493484450644,0.0261626655579267,0.579079676616983,0.679211545152757,0.399465083547366,0.0328493166218501,0.335333328281136,0.461328340333097,0.775256041358048,0.0253451408775688,0.729101763924327,0.825352546258587,0.631493484450644,0.0261626655579267,0.579079676616983,0.679211545152757,0.399465083547366,0.0328493166218501,0.335333328281136,0.461328340333097,0.775256041358048,0.0253451408775688,0.729101763924327,0.825352546258587,0.894427190999916,9.70298780565961e-17,0.894427190999916,0.894427190999916,0.8,1.76333793301047e-16,0.8,0.8,0.324443216353535,0.00858594506260317,0.307486897030065,0.340936609744567,0.631493484450644,0.0261626655579267,0.579079676616983,0.679211545152757,0.399465083547366,0.0328493166218501,0.335333328281136,0.461328340333097,0.775256041358048,0.0253451408775688,0.729101763924327,0.825352546258587,0.888146582954645,0.0367957589245308,0.814430629467645,0.955258332483893,0.790151511049469,0.0649767357266898,0.663297361796001,0.91251851592911,0.321372481865409,0.0628939275121641,0.192723957619074,0.432159468595389,-0.400534916452634,-0.400534916452634,-0.0098484889505307,0.450812825004513,0.450812825004513,-0.00307073448812689,1
26,"sc026_q010_rb02_micro-moderate_r280_block_targeted","core",0.1,2,"moderate",0.2,0.8,1,0.111111111111111,0.311111111111111,1.11111111111111,10,2,0.8,"block_targeted",200,500,40,5,0.1,0,0.1,0.1,0.1,0,0.1,0.1,0.100373739285871,0.00600030372979955,0.0884141857329651,0.112725721144562,2,0,2,2,0.2,0,0.2,0.2,0.8,0,0.8,0.8,1,0,1,1,0.111111111111111,0,0.111111111111111,0.111111111111111,0.311111111111111,0,0.311111111111111,0.311111111111111,1.11111111111111,0,1.11111111111111,1.11111111111111,10,0,10,10,2,0,2,2,0.8,0,0.8,0.8,1.11111111111111,0,1.11111111111111,1.11111111111111,1.11092814472262,0.0667188114924736,0.985679874479961,1.25671267992707,0.494444953959777,0,0.494444953959777,0.494444953959777,0.493959464832718,0.0336327398109434,0.430487166149033,0.561921592115455,NA,NA,NA,NA,0.505555046040223,0,0.505555046040223,0.505555046040223,0.454999541436201,0,0.454999541436201,0.454999541436201,0.454241297317745,0.0224362720287341,0.408102543451732,0.49306581003333,0,0,0,0,0.603218279191849,0.0265652275943627,0.551764726284758,0.655297128068165,0.36457447511173,0.0319208146012977,0.304444377142959,0.42941433908433,0.843205191708008,0.0261479454589293,0.795987899948871,0.897391743380965,0.635229071689602,0.0248290687339629,0.588013134276461,0.682683231885177,0.404129373760558,0.0315112426684865,0.345759446232116,0.466056401279666,0.774776036598487,0.0249529631474087,0.722587171485575,0.824802987405609,0.894427190999916,8.9387861363983e-17,0.894427190999916,0.894427190999916,0.8,1.55821264772076e-16,0.8,0.8,0.325640617147168,0.00904960182515412,0.308609831709103,0.342271503255232,0.635847896164532,0.0280022085863139,0.581611089199737,0.690743822954152,0.405082750124145,0.0354675717792196,0.338271530158843,0.477127043427033,0.774440676155141,0.0284582000627973,0.722831653033214,0.833187070328777,0.894270725134562,0.0393829334482416,0.817990864831557,0.971477586324497,0.80126339020245,0.0701557071915721,0.669109195543326,0.94376872936814,0.319155051927277,0.0698806773258905,0.178811961044795,0.44723223371919,-0.43542552488827,-0.394917249875855,0.00126339020244959,0.51756457456084,0.448800059007972,-0.00648556521989124,1
27,"sc027_q025_rb02_micro-moderate_r280_block_targeted","core",0.25,2,"moderate",0.2,0.8,1,0.333333333333333,0.533333333333333,1.33333333333333,10,2,0.8,"block_targeted",200,500,40,5,0.25,0,0.25,0.25,0.25,0,0.25,0.25,0.251876944123643,0.0150839469201935,0.226149246548653,0.283624866307944,2,0,2,2,0.2,0,0.2,0.2,0.8,0,0.8,0.8,1,0,1,1,0.333333333333333,0,0.333333333333333,0.333333333333333,0.533333333333333,0,0.533333333333333,0.533333333333333,1.33333333333333,0,1.33333333333333,1.33333333333333,10,0,10,10,2,0,2,2,0.8,0,0.8,0.8,1.33333333333333,0,1.33333333333333,1.33333333333333,1.32806503619758,0.0786025444011196,1.17526227073422,1.47395300926612,0.494444953959777,0,0.494444953959777,0.494444953959777,0.496196338780947,0.0328052080549645,0.442087101844115,0.564889977601232,NA,NA,NA,NA,0.505555046040223,0,0.505555046040223,0.505555046040223,0.379166284530167,0,0.379166284530167,0.379166284530167,0.378994668243964,0.020503058642697,0.341523440646437,0.413846672456551,0,0,0,0,0.550638668591902,0.030179428502842,0.491013603844109,0.608160014099977,0.304109187263897,0.0332329516842716,0.241095436763355,0.369858658283469,0.964109993362322,0.0309198539486764,0.909508944410175,1.02156932964234,0.6363802444719,0.0250926298943327,0.592709275528576,0.680829118493251,0.405606307428754,0.0319095215232873,0.351304304181138,0.463528322679476,0.774666840193878,0.0248750599850137,0.726236389490253,0.823719995114665,0.894427190999916,9.63894098160277e-17,0.894427190999916,0.894427190999916,0.8,1.832244112553e-16,0.8,0.8,0.325775362645133,0.00905417057993774,0.30593354078552,0.340921174349935,0.635822767075503,0.0348482023402097,0.56697367271033,0.702242695701976,0.405478916351862,0.0443106022456955,0.32146058235114,0.493144877711292,0.771779781076753,0.0385930015558933,0.702760811151762,0.842775471949239,0.891693915738299,0.0461156382042227,0.796324676917193,0.965782339376933,0.797233841185933,0.0816999549313965,0.634145743782785,0.932737521123804,0.311507500588872,0.0956577947725361,0.117251807491871,0.465358872718614,-0.495890812736103,-0.394521083648138,-0.00276615881406739,0.638334630717189,0.44600441843162,-0.014267862056261,1
28,"sc028_q040_rb02_micro-moderate_r280_block_targeted","core",0.4,2,"moderate",0.2,0.8,1,0.666666666666667,0.866666666666667,1.66666666666667,10,2,0.8,"block_targeted",200,500,40,5,0.4,0,0.4,0.4,0.4,0,0.4,0.4,0.403550490589434,0.0264328726101939,0.356729120279061,0.462917339218095,2,0,2,2,0.2,0,0.2,0.2,0.8,0,0.8,0.8,1,0,1,1,0.666666666666667,0,0.666666666666667,0.666666666666667,0.866666666666667,0,0.866666666666667,0.866666666666667,1.66666666666667,0,1.66666666666667,1.66666666666667,10,0,10,10,2,0,2,2,0.8,0,0.8,0.8,1.66666666666667,0,1.66666666666667,1.66666666666667,1.65895183032175,0.107054906696811,1.44014272373279,1.86883306358602,0.494444953959777,0,0.494444953959777,0.494444953959777,0.492248796569762,0.0298524825268762,0.439761546272098,0.551209554735809,NA,NA,NA,NA,0.505555046040223,0,0.505555046040223,0.505555046040223,0.303333027624134,0,0.303333027624134,0.303333027624134,0.302939715198919,0.0195227452831505,0.267160055654382,0.338726730538693,0,0,0,0,0.493012382585112,0.0329830662328985,0.420884876934978,0.552132180339168,0.244143652627082,0.0323669317115411,0.17714414879443,0.304849956721205,1.12220142088177,0.0377076710261031,1.04954400362577,1.19431854679718,0.635334713310122,0.0240799600885986,0.590663326177942,0.681320679783738,0.404227143192334,0.0306098513670039,0.348883179483227,0.464198456151632,0.772981797971994,0.0242192273329955,0.720302984863569,0.817042612708849,0.894427190999916,8.79910901014138e-17,0.894427190999916,0.894427190999916,0.8,1.68060678646237e-16,0.8,0.8,0.325346804862851,0.00882428631982176,0.309350371520117,0.341822104018865,0.636476249075392,0.0425809554089574,0.543360039679909,0.712799579786263,0.406906087711803,0.0539448861859018,0.295240247990716,0.508083261202008,0.76882209739423,0.0548795303086809,0.659451227326187,0.871624891212569,0.891216214817142,0.0562677758218158,0.76373496463749,0.986169933921103,0.797416084238639,0.0991271219481471,0.583292446709012,0.972536332632425,0.317090523439226,0.117358928588833,0.097626062438638,0.518351156742775,-0.555856347372918,-0.393093912288197,-0.00258391576136086,0.796854616018915,0.443475292531379,-0.00825628142362522,1
29,"sc029_q000_rb10_micro-moderate_r280_block_targeted","core",0,10,"moderate",0.2,0.8,1,0,0.2,1,50,10,0.8,"block_targeted",200,500,40,5,0,0,0,0,0,0,0,0,0,0,0,0,10,0,10,10,0.2,0,0.2,0.2,0.8,0,0.8,0.8,1,0,1,1,0,0,0,0,0.2,0,0.2,0.2,1,0,1,1,50,0,50,50,10,0,10,10,0.8,0,0.8,0.8,1,0,1,1,1.00117040421444,0.0548560758489709,0.895056609824447,1.1078885312822,0.261051456779261,0,0.261051456779261,0.261051456779261,0.266392109647511,0.0204477068096297,0.2282716696566,0.315011111084561,NA,NA,NA,NA,0.738948543220739,0,0.738948543220739,0.738948543220739,0.738948543220739,0,0.738948543220739,0.738948543220739,0.733067229177928,0.0229868261078511,0.692262425473894,0.774069058565519,0,0,0,0,0.767433329450777,0.0156812585668632,0.736323858749293,0.798714519538832,0.589198587512795,0.0240582969274558,0.542172925936363,0.637944883871421,0.646848813362082,0.0221198166665536,0.606921210680296,0.691067963689441,0.767433329450777,0.0156812585668632,0.736323858749293,0.798714519538832,0.589198587512795,0.0240582969274558,0.542172925936363,0.637944883871421,0.646848813362082,0.0221198166665536,0.606921210680296,0.691067963689441,0.894427190999916,8.54918460951099e-17,0.894427190999916,0.894427190999916,0.8,1.6971106860342e-16,0.8,0.8,0.392788502225864,0.0113560234964159,0.371814289961301,0.416504515014611,0.767433329450777,0.0156812585668632,0.736323858749293,0.798714519538832,0.589198587512795,0.0240582969274558,0.542172925936363,0.637944883871421,0.646848813362082,0.0221198166665536,0.606921210680296,0.691067963689441,0.892757603958387,0.0182420573722328,0.856567858923797,0.929147110695036,0.797347248219406,0.0325574725712249,0.733708633585336,0.863314353514943,0.395660605353342,0.0361662242555071,0.327569660185166,0.465320828006845,-0.210801412487205,-0.210801412487205,-0.0026527517805941,0.254060311136218,0.254060311136218,0.00287210312747738,1
30,"sc030_q010_rb10_micro-moderate_r280_block_targeted","core",0.1,10,"moderate",0.2,0.8,1,0.111111111111111,0.311111111111111,1.11111111111111,50,10,0.8,"block_targeted",200,500,40,5,0.1,0,0.1,0.1,0.1,0,0.1,0.1,0.100686116187187,0.00608301375073736,0.0892158290787473,0.113942596012259,10,0,10,10,0.2,0,0.2,0.2,0.8,0,0.8,0.8,1,0,1,1,0.111111111111111,0,0.111111111111111,0.111111111111111,0.311111111111111,0,0.311111111111111,0.311111111111111,1.11111111111111,0,1.11111111111111,1.11111111111111,50,0,50,50,10,0,10,10,0.8,0,0.8,0.8,1.11111111111111,0,1.11111111111111,1.11111111111111,1.10752564466076,0.0665198659311684,0.975149982286033,1.24541926063326,0.261051456779261,0,0.261051456779261,0.261051456779261,0.265874829358783,0.0206061325646008,0.227776148755963,0.303906621911573,NA,NA,NA,NA,0.738948543220739,0,0.738948543220739,0.738948543220739,0.665053688898665,0,0.665053688898665,0.665053688898665,0.663270726687542,0.0222420762736119,0.620871573607199,0.703871761868526,0,0,0,0,0.726903675747266,0.0184868821845031,0.68962811707472,0.763071746998868,0.528729009803725,0.0268394596136479,0.475586997266155,0.582278511729752,0.728086910382349,0.0238370844741272,0.678286641425558,0.773161007026546,0.766671080497873,0.0153056673783778,0.739709899517697,0.794959609730933,0.588017637808404,0.0234438029322869,0.547171252156897,0.631960781766721,0.648399695795683,0.0215036158456228,0.60635308746588,0.687362806355355,0.894427190999916,9.07631399920594e-17,0.894427190999916,0.894427190999916,0.8,1.72426618127779e-16,0.8,0.8,0.394116248615843,0.0104868876397124,0.373547231491131,0.412331063420932,0.766223751636619,0.019486884846073,0.726931862816457,0.804348246213393,0.587476677559695,0.0298216217929421,0.528429996962394,0.646976124144168,0.647185023671251,0.0268318542014965,0.590729763193177,0.697615087549574,0.891350498285844,0.0226691543827573,0.845642120538957,0.935700842640633,0.795017031902049,0.0403568314282931,0.715110682347663,0.87553609798633,0.39566758016051,0.0443887888525155,0.296496459716377,0.47498970676955,-0.271270990196275,-0.212523322440305,-0.00498296809795129,0.333970661766506,0.253068775055408,0.0015513315446668,1
31,"sc031_q025_rb10_micro-moderate_r280_block_targeted","core",0.25,10,"moderate",0.2,0.8,1,0.333333333333333,0.533333333333333,1.33333333333333,50,10,0.8,"block_targeted",200,500,40,5,0.25,0,0.25,0.25,0.25,0,0.25,0.25,0.250383606968493,0.0141636753749713,0.227121775173195,0.27954477318828,10,0,10,10,0.2,0,0.2,0.2,0.8,0,0.8,0.8,1,0,1,1,0.333333333333333,0,0.333333333333333,0.333333333333333,0.533333333333333,0,0.533333333333333,0.533333333333333,1.33333333333333,0,1.33333333333333,1.33333333333333,50,0,50,50,10,0,10,10,0.8,0,0.8,0.8,1.33333333333333,0,1.33333333333333,1.33333333333333,1.33544865092971,0.0741361359622028,1.19241502217802,1.46764198516872,0.261051456779261,0,0.261051456779261,0.261051456779261,0.265091731539069,0.0211516837925359,0.225794984583002,0.303088722053277,NA,NA,NA,NA,0.738948543220739,0,0.738948543220739,0.738948543220739,0.554211407415554,0,0.554211407415554,0.554211407415554,0.551178597588902,0.0215865469436109,0.506709198284227,0.596909492282009,0,0,0,0,0.665650597920044,0.0207768378024186,0.624453828297077,0.704819954074686,0.443520237115435,0.0274982049286912,0.389942605514788,0.496771167810601,0.866081255106163,0.0252157014674728,0.822169700922404,0.91135360754916,0.767754307506582,0.0155472524759296,0.740185007040638,0.800236302661036,0.589687185169163,0.0239049312586531,0.547874001877403,0.640378140202832,0.64615285484143,0.0198471504855959,0.603105615788425,0.680027579569374,0.894427190999916,9.82982963111235e-17,0.894427190999916,0.894427190999916,0.8,1.86075671766396e-16,0.8,0.8,0.393495575119303,0.010556029206639,0.372300245609688,0.413974728009246,0.768627103790746,0.0239910257962712,0.72105717172762,0.81385598043048,0.591360316153913,0.036664273238255,0.519923474019718,0.662361557080801,0.645177447038034,0.0338800928625506,0.585344289995163,0.705146591830729,0.89414632539974,0.0279088357052606,0.838808073932954,0.946761219735272,0.800272659820729,0.04961681510116,0.7035990243023,0.896356807463034,0.391338809436201,0.0566975490259659,0.285594542259681,0.485982829221107,-0.356479762884565,-0.208639683846087,0.000272659820728549,0.472585679986861,0.251681871918731,-0.00215676568310208,1
32,"sc032_q040_rb10_micro-moderate_r280_block_targeted","core",0.4,10,"moderate",0.2,0.8,1,0.666666666666667,0.866666666666667,1.66666666666667,50,10,0.8,"block_targeted",200,500,40,5,0.4,0,0.4,0.4,0.4,0,0.4,0.4,0.402003465242416,0.0268883078764467,0.357146747658623,0.454066606283465,10,0,10,10,0.2,0,0.2,0.2,0.8,0,0.8,0.8,1,0,1,1,0.666666666666667,0,0.666666666666667,0.666666666666667,0.866666666666667,0,0.866666666666667,0.866666666666667,1.66666666666667,0,1.66666666666667,1.66666666666667,50,0,50,50,10,0,10,10,0.8,0,0.8,0.8,1.66666666666667,0,1.66666666666667,1.66666666666667,1.66573973860448,0.111363931773354,1.46821611764051,1.86665530433026,0.261051456779261,0,0.261051456779261,0.261051456779261,0.265577151537311,0.0193132883853691,0.23082174805167,0.307223982055572,NA,NA,NA,NA,0.738948543220739,0,0.738948543220739,0.738948543220739,0.443369125932443,0,0.443369125932443,0.443369125932443,0.441570481047228,0.0230087387210229,0.401579180098261,0.4881504660405,0,0,0,0,0.592571841276729,0.0295998651277487,0.537191858941319,0.646932760654296,0.352013158329596,0.0348894380477177,0.288575098440356,0.418521997001387,1.04261037773121,0.035073358512409,0.967629938476995,1.10448058120549,0.765702518519724,0.0155912508255751,0.739093493729697,0.792652417547778,0.586542218534242,0.0238477915567308,0.546259211271011,0.628297897926712,0.648821928474224,0.0205231965189954,0.607950545139881,0.685768148932982,0.894427190999916,8.90407227269004e-17,0.894427190999916,0.894427190999916,0.8,1.6338881638468e-16,0.8,0.8,0.393813026975983,0.00951478914564939,0.374211834633565,0.413119667807132,0.765006957565412,0.0382132615632522,0.693511707799311,0.835186602710025,0.586688597215993,0.0581490634128628,0.480958497400594,0.697536661668978,0.646778119344895,0.0573430757762884,0.519269465735755,0.743780372733214,0.889934997918796,0.0444536072691279,0.806764349178183,0.971575199668691,0.79395054310397,0.0786916273755919,0.650868726669811,0.94395836904791,0.392176257427622,0.0980495054858336,0.136201079044299,0.541585851078632,-0.447986841670404,-0.213311402784007,-0.00604945689603054,0.648797350755229,0.252965092368912,-0.00163676954836106,1
33,"sc033_q000_rb50_micro-moderate_r280_block_targeted","core",0,50,"moderate",0.2,0.8,1,0,0.2,1,250,50,0.8,"block_targeted",200,500,40,5,0,0,0,0,0,0,0,0,0,0,0,0,50,0,50,50,0.2,0,0.2,0.2,0.8,0,0.8,0.8,1,0,1,1,0,0,0,0,0.2,0,0.2,0.2,1,0,1,1,250,0,250,250,50,0,50,50,0.8,0,0.8,0.8,1,0,1,1,1.00020492599269,0.0504181562157769,0.904605739822318,1.1112537813888,0.212227591083751,0,0.212227591083751,0.212227591083751,0.240919431453498,0.0223771269859591,0.203824660275353,0.288026128602678,NA,NA,NA,NA,0.787772408916249,0,0.787772408916249,0.787772408916249,0.787772408916249,0,0.787772408916249,0.787772408916249,0.758675926247154,0.0226038448783126,0.712174824803019,0.800477417475845,802,0,802,802,0.777550123502991,0.0165098524391523,0.74034964306691,0.806368229040408,0.604855406910942,0.025508188918524,0.548118353142838,0.650229749565023,0.635014085672433,0.0214601917351351,0.593830626325975,0.679343216952267,0.777550123502991,0.0165098524391523,0.74034964306691,0.806368229040408,0.604855406910942,0.025508188918524,0.548118353142838,0.650229749565023,0.635014085672433,0.0214601917351351,0.593830626325975,0.679343216952267,0.894427190999916,8.9387861363983e-17,0.894427190999916,0.894427190999916,0.8,1.63578252757158e-16,0.8,0.8,0.399515430477938,0.0088882012577127,0.380402974084879,0.415107161937568,0.777550123502991,0.0165098524391523,0.74034964306691,0.806368229040408,0.604855406910942,0.025508188918524,0.548118353142838,0.650229749565023,0.635014085672433,0.0214601917351351,0.593830626325975,0.679343216952267,0.8760482203737,0.0186012790825518,0.83413527650295,0.908516931145499,0.767804761965516,0.0323801501928914,0.695782623177794,0.825403050685101,0.436467903468244,0.0312117792936671,0.374709510434881,0.499279095145082,-0.195144593089058,-0.195144593089058,-0.032195238034484,0.235498655194496,0.235498655194496,0.0369524729903066,1
34,"sc034_q010_rb50_micro-moderate_r280_block_targeted","core",0.1,50,"moderate",0.2,0.8,1,0.111111111111111,0.311111111111111,1.11111111111111,250,50,0.8,"block_targeted",200,500,40,5,0.1,0,0.1,0.1,0.1,0,0.1,0.1,0.100100883031618,0.00518396538918814,0.0913049425531228,0.110590791187856,50,0,50,50,0.2,0,0.2,0.2,0.8,0,0.8,0.8,1,0,1,1,0.111111111111111,0,0.111111111111111,0.111111111111111,0.311111111111111,0,0.311111111111111,0.311111111111111,1.11111111111111,0,1.11111111111111,1.11111111111111,250,0,250,250,50,0,50,50,0.8,0,0.8,0.8,1.11111111111111,0,1.11111111111111,1.11111111111111,1.11294257763954,0.0573959910673512,1.00470495796592,1.21692361430673,0.212227591083751,0,0.212227591083751,0.212227591083751,0.242634353706714,0.0224577338447242,0.207970831574571,0.293775389372415,NA,NA,NA,NA,0.787772408916249,0,0.787772408916249,0.787772408916249,0.708995168024624,0,0.708995168024624,0.708995168024624,0.68184531108186,0.0242602581075556,0.628902574396778,0.722347447071724,802,0,802,802,0.73827321842498,0.0191799813667537,0.69737905775436,0.768830368838669,0.545413377370381,0.0280790638179814,0.486338641285176,0.59110013695181,0.716641804250538,0.0219314600259163,0.674831845371435,0.761939177237964,0.77843056979947,0.0167433304333047,0.739959190971886,0.803496339048097,0.606233089416756,0.0258411844316301,0.54753961014052,0.645606366905934,0.634043455725468,0.0204017051977641,0.597340132767743,0.675438357858407,0.894427190999916,9.34530000866811e-17,0.894427190999916,0.894427190999916,0.8,1.60327396385086e-16,0.8,0.8,0.39969950359888,0.0106634852327903,0.378931228716346,0.417795689780283,0.778208301908641,0.0202174755328437,0.735102071668629,0.810418366612513,0.606014863744867,0.0311989597977571,0.54037626809464,0.656777929946455,0.634297146390712,0.0247617504339159,0.586759668313875,0.685156989690222,0.876789775166798,0.0227785745582592,0.828222955938924,0.913080129973539,0.769276578978656,0.0396040270573553,0.685954803669811,0.833715325026419,0.435225469484681,0.0360645444648211,0.363399665525194,0.507160811659972,-0.254586622629619,-0.193985136255133,-0.0307234210213438,0.316942300651658,0.234597642791832,0.0355259658858011,1
35,"sc035_q025_rb50_micro-moderate_r280_block_targeted","core",0.25,50,"moderate",0.2,0.8,1,0.333333333333333,0.533333333333333,1.33333333333333,250,50,0.8,"block_targeted",200,500,40,5,0.25,0,0.25,0.25,0.25,0,0.25,0.25,0.250803888740257,0.0143070216762711,0.223873020264422,0.282945274380631,50,0,50,50,0.2,0,0.2,0.2,0.8,0,0.8,0.8,1,0,1,1,0.333333333333333,0,0.333333333333333,0.333333333333333,0.533333333333333,0,0.533333333333333,0.533333333333333,1.33333333333333,0,1.33333333333333,1.33333333333333,250,0,250,250,50,0,50,50,0.8,0,0.8,0.8,1.33333333333333,0,1.33333333333333,1.33333333333333,1.33330200832837,0.0750519267266117,1.17809077141374,1.48894321115112,0.212227591083751,0,0.212227591083751,0.212227591083751,0.242654546847761,0.0219566843941133,0.206574468083062,0.289564766066903,NA,NA,NA,NA,0.787772408916249,0,0.787772408916249,0.787772408916249,0.590829306687187,0,0.590829306687187,0.590829306687187,0.569374263050525,0.02434059118855,0.523974052550294,0.616509491090431,802,0,802,802,0.674368740475322,0.0209050937845652,0.626795058830547,0.710544114852256,0.455208035961683,0.0280439727562557,0.392872322651982,0.504872988339998,0.856866909005556,0.028425883048593,0.801455336295321,0.913258734659918,0.778470265007758,0.0147137013269145,0.748598664593225,0.804123688204397,0.606231364042954,0.0228540245218981,0.5604004581517,0.646614984344293,0.634181036369744,0.0215649036230745,0.594450956327846,0.675039224455751,0.894427190999916,8.32899694786993e-17,0.894427190999916,0.894427190999916,0.8,1.65273409460099e-16,0.8,0.8,0.399803478727843,0.00970309165514146,0.381713315314929,0.417717220497685,0.778693947692992,0.0241391230479062,0.723760591885087,0.820465671962109,0.60694404794891,0.0373919636750077,0.523829763535976,0.673163984453331,0.632621009414512,0.0385961637342049,0.555875164888556,0.707606675403179,0.877336941339438,0.0271970065315264,0.815444765979909,0.924400202731563,0.770456087417295,0.0474654395759409,0.664950634989383,0.854515818064018,0.431469887539674,0.0575697274503121,0.311077284461008,0.537101336924631,-0.344791964038317,-0.193055952051089,-0.0295439125827054,0.457063430277713,0.232817530686669,0.0316664088118309,1
36,"sc036_q040_rb50_micro-moderate_r280_block_targeted","core",0.4,50,"moderate",0.2,0.8,1,0.666666666666667,0.866666666666667,1.66666666666667,250,50,0.8,"block_targeted",200,500,40,5,0.4,0,0.4,0.4,0.4,0,0.4,0.4,0.400001988749385,0.0232479128000545,0.359425265888021,0.448087492943182,50,0,50,50,0.2,0,0.2,0.2,0.8,0,0.8,0.8,1,0,1,1,0.666666666666667,0,0.666666666666667,0.666666666666667,0.866666666666667,0,0.866666666666667,0.866666666666667,1.66666666666667,0,1.66666666666667,1.66666666666667,250,0,250,250,50,0,50,50,0.8,0,0.8,0.8,1.66666666666667,0,1.66666666666667,1.66666666666667,1.67227014901504,0.0973224304087024,1.48780476791501,1.85481307090128,0.212227591083751,0,0.212227591083751,0.212227591083751,0.242866505626153,0.0226319674130521,0.204677323307174,0.300878127202936,NA,NA,NA,NA,0.787772408916249,0,0.787772408916249,0.787772408916249,0.47266344534975,0,0.47266344534975,0.47266344534975,0.453310139876339,0.0219811362209783,0.406187855283462,0.494106760340214,802,0,802,802,0.601116732912263,0.0259135361581837,0.539511679853005,0.644872650454921,0.362009480386554,0.030927007116317,0.291072906362454,0.415861257082891,1.03684731693382,0.0329168583005381,0.97742479337291,1.1035895237943,0.778269646278163,0.0159922106009499,0.74836141666373,0.810545146767394,0.605958114363842,0.024900220893451,0.560045016744395,0.65698343511443,0.634313857004338,0.0219081825598787,0.592225155787493,0.680886444558731,0.894427190999916,9.82982963111235e-17,0.894427190999916,0.894427190999916,0.8,1.8084256275247e-16,0.8,0.8,0.399899756358749,0.0106903472325033,0.37555942705473,0.42153735693599,0.776038365231936,0.0334542313273297,0.696506583718359,0.832527011878848,0.603349133977589,0.0515450118605283,0.48512151060409,0.693102095138152,0.637639465734952,0.0537975515125898,0.537301047421242,0.74245738061672,0.874344956361565,0.0376921293334017,0.784738288505573,0.937989442897559,0.765892695845525,0.0654313495587381,0.615814294983343,0.879825298897766,0.436658774368795,0.0812299769638012,0.276521679655696,0.58225006148216,-0.437990519613447,-0.196650866022411,-0.0341073041544755,0.636947560575067,0.237739709376203,0.0367590180100457,1
37,"sc037_q000_rb02_micro-none_r260_block_targeted","targeted_microscale",0,2,"none",0,1,1,0,0,1,10,2,0.6,"block_targeted",200,500,40,5,0,0,0,0,0,0,0,0,0,0,0,0,2,0,2,2,0,0,0,0,1,0,1,1,1,0,1,1,0,0,0,0,0,0,0,0,1,0,1,1,10,0,10,10,2,0,2,2,0.6,0,0.6,0.6,1,0,1,1,0.997440949846626,0.0659790011197381,0.869384799566903,1.11596560324809,0.368056192449721,0,0.368056192449721,0.368056192449721,0.366867368045536,0.0248245771234932,0.319206144480626,0.410109524673059,NA,NA,NA,NA,0.631943807550279,0,0.631943807550279,0.631943807550279,0.631943807550279,0,0.631943807550279,0.631943807550279,0.631712684030725,0.0232553030702232,0.587739303170621,0.68205120899014,0,0,0,0,0.618382070577525,0.0224130175748852,0.574541272446757,0.659090620052499,0.382896216851775,0.0276918898699359,0.330097726339248,0.43440068395662,0.803246665310719,0.0257271284282204,0.754325491990585,0.85692490809129,0.618382070577525,0.0224130175748852,0.574541272446757,0.659090620052499,0.382896216851775,0.0276918898699359,0.330097726339248,0.43440068395662,0.803246665310719,0.0257271284282204,0.754325491990585,0.85692490809129,0.774596669241483,8.17891263785789e-17,0.774596669241483,0.774596669241484,0.6,1.41444137827679e-16,0.6,0.6,0.531880372874709,0.0155049991228314,0.501316142231693,0.561272654154895,0.618382070577525,0.0224130175748852,0.574541272446757,0.659090620052499,0.382896216851775,0.0276918898699359,0.330097726339248,0.43440068395662,0.803246665310719,0.0257271284282204,0.754325491990585,0.85692490809129,0.777889049455589,0.0281942859702837,0.722739848972677,0.829098061428121,0.605902316435486,0.0438201775839582,0.522352972519609,0.687403972895262,0.525612761576509,0.0393261515206864,0.448274636252072,0.605197574913285,-0.217103783148225,-0.217103783148225,0.00590231643548644,0.27136629243601,0.27136629243601,-0.0062676112981993,1
38,"sc038_q025_rb02_micro-none_r260_block_targeted","targeted_microscale",0.25,2,"none",0,1,1,0.333333333333333,0.333333333333333,1.33333333333333,10,2,0.6,"block_targeted",200,500,40,5,0.25,0,0.25,0.25,0.25,0,0.25,0.25,0.251587355983507,0.015516721192134,0.225277229450727,0.282133126737569,2,0,2,2,0,0,0,0,1,0,1,1,1,0,1,1,0.333333333333333,0,0.333333333333333,0.333333333333333,0.333333333333333,0,0.333333333333333,0.333333333333333,1.33333333333333,0,1.33333333333333,1.33333333333333,10,0,10,10,2,0,2,2,0.6,0,0.6,0.6,1.33333333333333,0,1.33333333333333,1.33333333333333,1.32990296675625,0.0814864279440511,1.18147580075744,1.47965837657798,0.368056192449721,0,0.368056192449721,0.368056192449721,0.367567634669147,0.0265563156271486,0.320195634282001,0.419425903815246,NA,NA,NA,NA,0.631943807550279,0,0.631943807550279,0.631943807550279,0.473957855662709,0,0.473957855662709,0.473957855662709,0.474967181178599,0.0222588592745147,0.424837247646569,0.513694412689041,0,0,0,0,0.535442830164535,0.0261253368365771,0.483639646630827,0.595084215622141,0.287378144933308,0.0281161356649023,0.233907313026114,0.354125349827645,0.988909233706755,0.0284708635062215,0.929961090220222,1.04441880211795,0.616650327250577,0.0219079142984938,0.572186395313367,0.65797503907674,0.38073518302361,0.0269281854958736,0.327397756158762,0.432931164715528,0.805416679037289,0.0245294318405206,0.757125116649903,0.852208535455052,0.774596669241483,7.58970971862754e-17,0.774596669241483,0.774596669241484,0.6,1.35631922064353e-16,0.6,0.6,0.532594637035644,0.0142790135710135,0.504184216566566,0.556754067001246,0.618276124262299,0.0301669405105348,0.558458960346167,0.687144064159881,0.383170859911077,0.0374881808865364,0.311876417368151,0.472167133103527,0.802613018526207,0.0351167297936455,0.72903649366614,0.870331480760362,0.77775577508952,0.0379482746917406,0.702509226080762,0.86438767930185,0.606336916879419,0.0593220163543636,0.493519223769493,0.747166326281249,0.523842596298839,0.0544263658095936,0.404274045137053,0.624034794576052,-0.312621855066692,-0.216829140088923,0.00633691687941895,0.456314596671111,0.270018381490564,-0.00875204073680469,1
39,"sc039_q000_rb02_micro-large_r260_block_targeted","targeted_microscale",0,2,"large",0.5,0.5,1,0,0.5,1,10,2,0.6,"block_targeted",200,500,40,5,0,0,0,0,0,0,0,0,0,0,0,0,2,0,2,2,0.5,0,0.5,0.5,0.5,0,0.5,0.5,1,0,1,1,0,0,0,0,0.5,0,0.5,0.5,1,0,1,1,10,0,10,10,2,0,2,2,0.6,0,0.6,0.6,1,0,1,1,0.996951462222131,0.0601091857146726,0.882290401696327,1.0989687360463,0.684028096224861,0,0.684028096224861,0.684028096224861,0.684228840906439,0.043169962697216,0.603418602035247,0.77596360985514,NA,NA,NA,NA,0.315971903775139,0,0.315971903775139,0.315971903775139,0.315971903775139,0,0.315971903775139,0.315971903775139,0.314714435148485,0.0218636049076045,0.272333239981481,0.355353025099957,0,0,0,0,0.434613618579507,0.0362272307539744,0.365775174638199,0.498014083193937,0.190194847641634,0.0313485639460454,0.133791494253538,0.248018077893822,0.907175066338991,0.0264796858943989,0.854825234250696,0.962151424327082,0.434613618579507,0.0362272307539744,0.365775174638199,0.498014083193937,0.190194847641634,0.0313485639460454,0.133791494253538,0.248018077893822,0.907175066338991,0.0264796858943989,0.854825234250696,0.962151424327082,0.774596669241483,1.00787254658774e-16,0.774596669241483,0.774596669241484,0.6,1.7260613573822e-16,0.6,0.6,0.376171202936264,0.0111147913025165,0.351999989201651,0.397266171065335,0.434613618579507,0.0362272307539744,0.365775174638199,0.498014083193937,0.190194847641634,0.0313485639460454,0.133791494253538,0.248018077893822,0.907175066338991,0.0264796858943989,0.854825234250696,0.962151424327082,0.773177304297519,0.0644482165746907,0.650713763710515,0.885966683705399,0.601935948637338,0.0992131375337554,0.423428452514407,0.78493712551836,0.367464284305239,0.0680390991536404,0.216095542957474,0.491637326073744,-0.409805152358366,-0.409805152358366,0.00193594863733759,0.531003863402726,0.531003863402726,-0.00870691863102502,1
40,"sc040_q025_rb02_micro-large_r260_block_targeted","targeted_microscale",0.25,2,"large",0.5,0.5,1,0.333333333333333,0.833333333333333,1.33333333333333,10,2,0.6,"block_targeted",200,500,40,5,0.25,0,0.25,0.25,0.25,0,0.25,0.25,0.250248452594847,0.015536376039041,0.225256515640918,0.279640932659339,2,0,2,2,0.5,0,0.5,0.5,0.5,0,0.5,0.5,1,0,1,1,0.333333333333333,0,0.333333333333333,0.333333333333333,0.833333333333333,0,0.833333333333333,0.833333333333333,1.33333333333333,0,1.33333333333333,1.33333333333333,10,0,10,10,2,0,2,2,0.6,0,0.6,0.6,1.33333333333333,0,1.33333333333333,1.33333333333333,1.33702186202054,0.0813906205075627,1.19200480061076,1.47979498098619,0.684028096224861,0,0.684028096224861,0.684028096224861,0.681347187099931,0.0456291697057351,0.595714778209271,0.781394915892788,NA,NA,NA,NA,0.315971903775139,0,0.315971903775139,0.315971903775139,0.236978927831355,0,0.236978927831355,0.236978927831355,0.23694871018128,0.0188099594359204,0.201846959161009,0.274795143370395,0,0,0,0,0.376291500270294,0.034727022748381,0.304577830932539,0.439844911960211,0.142795229454091,0.026066198713469,0.0927676900488693,0.193463702290234,1.07826257462632,0.0351902789653715,1.01198594014877,1.1491601793504,0.435628499705499,0.0333499958544455,0.366052849702316,0.49917220789375,0.190878850868038,0.0289069942413139,0.133996976535088,0.249172905567662,0.906997222733446,0.0294942765837016,0.855558246603818,0.965622420208521,0.774596669241483,1.03814571504348e-16,0.774596669241483,0.774596669241484,0.6,1.7474596293035e-16,0.6,0.6,0.378064024682886,0.0109055492035421,0.357461930395254,0.398446492093176,0.434503997949645,0.040099311863864,0.351696185356187,0.50788915664383,0.190393639272121,0.0347549316179587,0.123690253398492,0.257951603053646,0.910394693942705,0.0417038096715931,0.831132828394441,0.993597395461247,0.771828318856486,0.0696199972474661,0.625605754823067,0.899303747247688,0.60054154130297,0.106473656417596,0.391382847894651,0.808748114932406,0.376281111834799,0.0975474090375461,0.151287024650935,0.55068403434379,-0.457204770545909,-0.409606360727879,0.000541541302969462,0.700198549943439,0.532330669259819,-0.00178291284808657,1
41,"sc041_q010_rb02_micro-moderate_r260_subgrid_informed","failure_mode",0.1,2,"moderate",0.2,0.8,1,0.111111111111111,0.311111111111111,1.11111111111111,10,2,0.6,"subgrid_informed",200,500,40,5,0.1,0,0.1,0.1,0.1,0,0.1,0.1,0.100289692635361,0.00622028614880765,0.0883333720145097,0.113247133039685,2,0,2,2,0.2,0,0.2,0.2,0.8,0,0.8,0.8,1,0,1,1,0.111111111111111,0,0.111111111111111,0.111111111111111,0.311111111111111,0,0.311111111111111,0.311111111111111,1.11111111111111,0,1.11111111111111,1.11111111111111,10,0,10,10,2,0,2,2,0.6,0,0.6,0.6,1.11111111111111,0,1.11111111111111,1.11111111111111,1.11207139788945,0.0678665637292707,0.981138549046674,1.25786128529107,0.494444953959777,0,0.494444953959777,0.494444953959777,0.496754028115116,0.0333115898726948,0.43146406009703,0.566054064895485,NA,NA,NA,NA,0.505555046040223,0,0.505555046040223,0.505555046040223,0.454999541436201,0,0.454999541436201,0.454999541436201,0.454254514446163,0.0235522817780047,0.406108273524645,0.499689078720304,0,0,0,0,0.821940783498924,0.0125040266255001,0.795610478237491,0.84389173163418,0.675742220507267,0.0205208263420413,0.632996172642315,0.712153518427944,0.620714561104549,0.0220711586214231,0.572415717599379,0.661969992970085,0.86641640719751,0.00834734804007782,0.849423290911978,0.880276309256908,0.750746720489247,0.0144323338551575,0.721519928577332,0.774886381016761,0.523924272956566,0.0182908622797524,0.487851006580283,0.560954016638842,0.774476192290133,0.00850592183428543,0.756760168857947,0.789675225113396,0.599885361376943,0.0131502284108311,0.57268601325073,0.623586998020491,0.47681445697509,0.0173622532997714,0.443719423961544,0.511218978241925,0.866401659213314,0.0131804013533232,0.838647080508766,0.889539990182526,0.750824689452519,0.0228009181578236,0.703329080713683,0.79128168714216,0.523426827063548,0.0262288407943117,0.465347773932655,0.571920578577329,NA,NA,NA,NA,NA,NA,NA,NA,NA,NA,NA,NA,0.0758568591303248,0.150939328075577,NA,0.143900104129459,0.0466123700884573,NA,0
42,"sc042_q025_rb02_micro-moderate_r260_subgrid_informed","failure_mode",0.25,2,"moderate",0.2,0.8,1,0.333333333333333,0.533333333333333,1.33333333333333,10,2,0.6,"subgrid_informed",200,500,40,5,0.25,0,0.25,0.25,0.25,0,0.25,0.25,0.249162867427607,0.0148012525236754,0.221079240289745,0.278464746844806,2,0,2,2,0.2,0,0.2,0.2,0.8,0,0.8,0.8,1,0,1,1,0.333333333333333,0,0.333333333333333,0.333333333333333,0.533333333333333,0,0.533333333333333,0.533333333333333,1.33333333333333,0,1.33333333333333,1.33333333333333,10,0,10,10,2,0,2,2,0.6,0,0.6,0.6,1.33333333333333,0,1.33333333333333,1.33333333333333,1.34252886408513,0.0800411253863126,1.19704092636444,1.50775536344413,0.494444953959777,0,0.494444953959777,0.494444953959777,0.499637151421226,0.0329260185069132,0.439307914146064,0.561128349321765,NA,NA,NA,NA,0.505555046040223,0,0.505555046040223,0.505555046040223,0.379166284530167,0,0.379166284530167,0.379166284530167,0.376559613573756,0.0200698883778936,0.337876994994649,0.412022470412559,0,0,0,0,0.750388439961798,0.0166317896039264,0.72031032967752,0.781008403793973,0.563358044171603,0.0249152938571522,0.518847102325064,0.6099741935332,0.782168523106583,0.0249779905271338,0.735122513115868,0.828314499682585,0.866150005148056,0.00768508993535331,0.849966527457857,0.881026785516485,0.750274596722255,0.0133120566271238,0.722443097798767,0.776208198410394,0.525370130945124,0.0183870946526351,0.488906384740528,0.560995449640282,0.774604565883366,0.00781437875010145,0.759398205033653,0.790770076138281,0.600072992680031,0.0121132099521988,0.576685661211661,0.62531731333186,0.47630906630322,0.0159632731007632,0.446970114218251,0.503452969681094,0.866473935617455,0.0192047364098643,0.831742725478769,0.90183082433962,0.75114405889547,0.0332203918095363,0.691796136433419,0.813298924710933,0.52697210046099,0.0371801407499138,0.455051392447248,0.593945716378431,NA,NA,NA,NA,NA,NA,NA,NA,NA,NA,NA,NA,-0.0367149485084285,0.151071066215439,NA,0.305859456803364,0.05066303415777,NA,0
43,"sc043_q010_rb10_micro-moderate_r260_subgrid_informed","failure_mode",0.1,10,"moderate",0.2,0.8,1,0.111111111111111,0.311111111111111,1.11111111111111,50,10,0.6,"subgrid_informed",200,500,40,5,0.1,0,0.1,0.1,0.1,0,0.1,0.1,0.10096743627899,0.00641574226740919,0.0887409085316157,0.113458000858949,10,0,10,10,0.2,0,0.2,0.2,0.8,0,0.8,0.8,1,0,1,1,0.111111111111111,0,0.111111111111111,0.111111111111111,0.311111111111111,0,0.311111111111111,0.311111111111111,1.11111111111111,0,1.11111111111111,1.11111111111111,50,0,50,50,10,0,10,10,0.6,0,0.6,0.6,1.11111111111111,0,1.11111111111111,1.11111111111111,1.10489817215041,0.070381275522356,0.979316183929441,1.25208569065272,0.261051456779261,0,0.261051456779261,0.261051456779261,0.265353484901227,0.0212563147853385,0.228832233815679,0.306164960715181,NA,NA,NA,NA,0.738948543220739,0,0.738948543220739,0.738948543220739,0.665053688898665,0,0.665053688898665,0.665053688898665,0.660634805020985,0.0212515926170305,0.621842106363062,0.705781997255455,0,0,0,0,0.849171968913372,0.00927164073593217,0.828595683606418,0.865759840768719,0.721178566293539,0.0157152194885264,0.68657080926384,0.74954014666009,0.556416895932553,0.0161607325606046,0.529293786949192,0.587832652106628,0.895019196184564,0.00363968151519171,0.888013698593296,0.901799039976139,0.801072542583988,0.00651449067023701,0.788568334757093,0.813241519066273,0.446189751306866,0.0104550650611295,0.427060394392386,0.46834093994025,0.77375957224477,0.00832770072370979,0.758457679950661,0.790312346121018,0.598772879486756,0.0128952098761995,0.575258078296932,0.62459361738774,0.574198223558339,0.0176313888473655,0.542820799256665,0.610726990071578,0.895105848978651,0.00977316745744847,0.873416539860174,0.912591001177951,0.801309518103933,0.0174613549872515,0.7628564547376,0.832822385177878,0.4453586830944,0.0201541245087163,0.41114571315014,0.484186031510644,NA,NA,NA,NA,NA,NA,NA,NA,NA,NA,NA,NA,0.122405686806783,0.202536638617176,NA,-0.0177813276257865,-0.12883954046394,NA,0
44,"sc044_q025_rb10_micro-moderate_r260_subgrid_informed","failure_mode",0.25,10,"moderate",0.2,0.8,1,0.333333333333333,0.533333333333333,1.33333333333333,50,10,0.6,"subgrid_informed",200,500,40,5,0.25,0,0.25,0.25,0.25,0,0.25,0.25,0.250538875661624,0.0154119419290761,0.224192624952775,0.284943923933063,10,0,10,10,0.2,0,0.2,0.2,0.8,0,0.8,0.8,1,0,1,1,0.333333333333333,0,0.333333333333333,0.333333333333333,0.533333333333333,0,0.533333333333333,0.533333333333333,1.33333333333333,0,1.33333333333333,1.33333333333333,50,0,50,50,10,0,10,10,0.6,0,0.6,0.6,1.33333333333333,0,1.33333333333333,1.33333333333333,1.33538294860622,0.0806612161541492,1.16982326212984,1.48681961294261,0.261051456779261,0,0.261051456779261,0.261051456779261,0.266147911603183,0.0205873025707195,0.228508281610303,0.305045190680454,NA,NA,NA,NA,0.738948543220739,0,0.738948543220739,0.738948543220739,0.554211407415554,0,0.554211407415554,0.554211407415554,0.553045671329146,0.0206801750091217,0.513181447891271,0.594694091866191,0,0,0,0,0.7776962920198,0.0156603639699006,0.744801673325947,0.807511264186164,0.605055543386017,0.0243531727461876,0.554729533129559,0.652074442030765,0.727279746900975,0.0231550214382633,0.679493895510362,0.767519228767538,0.895313630314593,0.00353611748290842,0.887897651194573,0.901510264698031,0.801598938233314,0.00632634622006535,0.788362242123661,0.812720757570864,0.447953113407939,0.00950980755145818,0.429908227771541,0.46516024197509,0.774415715643604,0.00802437617741819,0.75921628645064,0.789020141025473,0.599783769295766,0.0124161240914555,0.576409409293414,0.622552799049676,0.575901636969681,0.0177456057669774,0.542941621664571,0.609222157691977,0.898006327090811,0.0180830307072592,0.860022893175239,0.932433691503074,0.80674072451469,0.0324708969949169,0.739639377506078,0.869432589374353,0.441202941830372,0.0385143095766472,0.358299276461047,0.505719515576862,0.99487691203669,0.00333675769022561,0.99133410610903,0.998884271024932,0.989788420567572,0.00664199261982692,0.982743979930485,0.997771011103082,0.0835925656052867,0.0471756990686585,0.0334640818882077,0.117192743389596,0.00527177409025104,0.206956955218924,0.390004651271806,0.151378109931293,-0.134698695139309,-0.492309071364395,0
