"row_id","Study","Variable","Tier","panel","value","example_label","example_label_text","support_class","support_m","prediction_support","reference_support","bound_noninformative","noninformative_endpoint","point_value","axis_range_value","panel_label","symbol_target"
1,"Biomass","Total biomass","Raw reference support","R2",0.438,"Biomass","Biomass","small support",30,"30 m map pixel","60 m field site; two 4 m x 4 m subplots",FALSE,FALSE,0.438,0.438,"R²","raw reference-support metric"
2,"BTS","BTS","Raw reference support","R2",0.451,"BTS","BTS","small support",30,"30 m grid cell","BTS point observation",FALSE,FALSE,0.451,0.451,"R²","raw reference-support metric"
3,"Meuse--Cd","Log cadmium","Raw reference support","R2",0.711,"Meuse--Cd","Meuse--Cd","medium support",100,"100 m grid cell","treated as point soil sample",FALSE,FALSE,0.711,0.711,"R²","raw reference-support metric"
4,"Meuse--Zn","Log zinc","Raw reference support","R2",0.654,"Meuse--Zn","Meuse--Zn","medium support",100,"100 m grid cell","treated as point soil sample",FALSE,FALSE,0.654,0.654,"R²","raw reference-support metric"
5,"NO2-DE","Annual mean NO2","Raw reference support","R2",0.308,"NO2-DE","NO2-DE","large support",2000,"2 km grid cell","monitoring station annual mean",FALSE,FALSE,0.308,0.308,"R²","raw reference-support metric"
6,"NO2-EU; 50/50 nugget split","Annual mean NO2","Raw reference support","R2",0.553,"NO2-EU; 50/50 nugget split","NO2-EU; 50/50 nugget split","medium support",100,"100 m grid cell","AirBase monitoring station",FALSE,FALSE,0.553,0.553,"R²","raw reference-support metric"
7,"NO2-EU; full nugget microscale","Annual mean NO2","Raw reference support","R2",0.553,"NO2-EU; full nugget microscale","NO2-EU; full nugget microscale","medium support",100,"100 m grid cell","AirBase monitoring station",FALSE,FALSE,0.553,0.553,"R²","raw reference-support metric"
10,"SWE, 10 m","SWE","Raw reference support","R2",0.414,"SWE, 10 m, q=0.000","SWE, 10 m, q=0.000","small support",10,"10 m grid cell","local snow survey site",FALSE,FALSE,0.414,0.414,"R²","raw reference-support metric"
11,"SWE, 10 m","SWE","Raw reference support","R2",0.414,"SWE, 10 m, q=0.015","SWE, 10 m, q=0.015","small support",10,"10 m grid cell","local snow survey site",FALSE,FALSE,0.414,0.414,"R²","raw reference-support metric"
12,"SWE, 100 m","SWE","Raw reference support","R2",0.414,"SWE, 100 m, q=0.000","SWE, 100 m, q=0.000","medium support",100,"100 m grid cell","local snow survey site",FALSE,FALSE,0.414,0.414,"R²","raw reference-support metric"
13,"SWE, 100 m","SWE","Raw reference support","R2",0.414,"SWE, 100 m, q=0.015","SWE, 100 m, q=0.015","medium support",100,"100 m grid cell","local snow survey site",FALSE,FALSE,0.414,0.414,"R²","raw reference-support metric"
1,"Biomass","Total biomass","Tier 1","R2",0.528,"Biomass","Biomass","small support",30,"30 m map pixel","60 m field site; two 4 m x 4 m subplots",FALSE,FALSE,0.528,0.528,"R²","latent reference-support metric"
2,"BTS","BTS","Tier 1","R2",0.456,"BTS","BTS","small support",30,"30 m grid cell","BTS point observation",FALSE,FALSE,0.456,0.456,"R²","latent reference-support metric"
3,"Meuse--Cd","Log cadmium","Tier 1","R2",0.711,"Meuse--Cd","Meuse--Cd","medium support",100,"100 m grid cell","treated as point soil sample",FALSE,FALSE,0.711,0.711,"R²","latent reference-support metric"
4,"Meuse--Zn","Log zinc","Tier 1","R2",0.654,"Meuse--Zn","Meuse--Zn","medium support",100,"100 m grid cell","treated as point soil sample",FALSE,FALSE,0.654,0.654,"R²","latent reference-support metric"
5,"NO2-DE","Annual mean NO2","Tier 1","R2",0.308,"NO2-DE","NO2-DE","large support",2000,"2 km grid cell","monitoring station annual mean",FALSE,FALSE,0.308,0.308,"R²","latent reference-support metric"
6,"NO2-EU; 50/50 nugget split","Annual mean NO2","Tier 1","R2",0.765,"NO2-EU; 50/50 nugget split","NO2-EU; 50/50 nugget split","medium support",100,"100 m grid cell","AirBase monitoring station",FALSE,FALSE,0.765,0.765,"R²","latent reference-support metric"
7,"NO2-EU; full nugget microscale","Annual mean NO2","Tier 1","R2",0.553,"NO2-EU; full nugget microscale","NO2-EU; full nugget microscale","medium support",100,"100 m grid cell","AirBase monitoring station",FALSE,FALSE,0.553,0.553,"R²","latent reference-support metric"
10,"SWE, 10 m","SWE","Tier 1","R2",0.414,"SWE, 10 m, q=0.000","SWE, 10 m, q=0.000","small support",10,"10 m grid cell","local snow survey site",FALSE,FALSE,0.414,0.414,"R²","latent reference-support metric"
11,"SWE, 10 m","SWE","Tier 1","R2",0.42,"SWE, 10 m, q=0.015","SWE, 10 m, q=0.015","small support",10,"10 m grid cell","local snow survey site",FALSE,FALSE,0.42,0.42,"R²","latent reference-support metric"
12,"SWE, 100 m","SWE","Tier 1","R2",0.414,"SWE, 100 m, q=0.000","SWE, 100 m, q=0.000","medium support",100,"100 m grid cell","local snow survey site",FALSE,FALSE,0.414,0.414,"R²","latent reference-support metric"
13,"SWE, 100 m","SWE","Tier 1","R2",0.42,"SWE, 100 m, q=0.015","SWE, 100 m, q=0.015","medium support",100,"100 m grid cell","local snow survey site",FALSE,FALSE,0.42,0.42,"R²","latent reference-support metric"
2,"BTS","BTS","Tier 2","R2",0.56,"BTS","BTS","small support",30,"30 m grid cell","BTS point observation",FALSE,FALSE,0.56,0.56,"R²","small support"
3,"Meuse--Cd","Log cadmium","Tier 2","R2",1.236,"Meuse--Cd","Meuse--Cd","medium support",100,"100 m grid cell","treated as point soil sample",TRUE,TRUE,NA,NA,"R²","medium support"
4,"Meuse--Zn","Log zinc","Tier 2","R2",0.812,"Meuse--Zn","Meuse--Zn","medium support",100,"100 m grid cell","treated as point soil sample",FALSE,FALSE,0.812,0.812,"R²","medium support"
5,"NO2-DE","Annual mean NO2","Tier 2","R2",0.78,"NO2-DE","NO2-DE","large support",2000,"2 km grid cell","monitoring station annual mean",FALSE,FALSE,0.78,0.78,"R²","large support"
6,"NO2-EU; 50/50 nugget split","Annual mean NO2","Tier 2","R2",1.244,"NO2-EU; 50/50 nugget split","NO2-EU; 50/50 nugget split","medium support",100,"100 m grid cell","AirBase monitoring station",TRUE,TRUE,NA,NA,"R²","medium support"
7,"NO2-EU; full nugget microscale","Annual mean NO2","Tier 2","R2",1.244,"NO2-EU; full nugget microscale","NO2-EU; full nugget microscale","medium support",100,"100 m grid cell","AirBase monitoring station",TRUE,TRUE,NA,NA,"R²","medium support"
10,"SWE, 10 m","SWE","Tier 2","R2",0.468,"SWE, 10 m, q=0.000","SWE, 10 m, q=0.000","small support",10,"10 m grid cell","local snow survey site",FALSE,FALSE,0.468,0.468,"R²","small support"
11,"SWE, 10 m","SWE","Tier 2","R2",0.468,"SWE, 10 m, q=0.015","SWE, 10 m, q=0.015","small support",10,"10 m grid cell","local snow survey site",FALSE,FALSE,0.468,0.468,"R²","small support"
12,"SWE, 100 m","SWE","Tier 2","R2",0.794,"SWE, 100 m, q=0.000","SWE, 100 m, q=0.000","medium support",100,"100 m grid cell","local snow survey site",FALSE,FALSE,0.794,0.794,"R²","medium support"
13,"SWE, 100 m","SWE","Tier 2","R2",0.794,"SWE, 100 m, q=0.015","SWE, 100 m, q=0.015","medium support",100,"100 m grid cell","local snow survey site",FALSE,FALSE,0.794,0.794,"R²","medium support"
1,"Biomass","Total biomass","Raw reference support","Relative error",1,"Biomass","Biomass","small support",30,"30 m map pixel","60 m field site; two 4 m x 4 m subplots",FALSE,FALSE,1,1,"RMSE / raw","raw reference-support metric"
2,"BTS","BTS","Raw reference support","Relative error",1,"BTS","BTS","small support",30,"30 m grid cell","BTS point observation",FALSE,FALSE,1,1,"RMSE / raw","raw reference-support metric"
3,"Meuse--Cd","Log cadmium","Raw reference support","Relative error",1,"Meuse--Cd","Meuse--Cd","medium support",100,"100 m grid cell","treated as point soil sample",FALSE,FALSE,1,1,"RMSE / raw","raw reference-support metric"
4,"Meuse--Zn","Log zinc","Raw reference support","Relative error",1,"Meuse--Zn","Meuse--Zn","medium support",100,"100 m grid cell","treated as point soil sample",FALSE,FALSE,1,1,"RMSE / raw","raw reference-support metric"
5,"NO2-DE","Annual mean NO2","Raw reference support","Relative error",1,"NO2-DE","NO2-DE","large support",2000,"2 km grid cell","monitoring station annual mean",FALSE,FALSE,1,1,"RMSE / raw","raw reference-support metric"
6,"NO2-EU; 50/50 nugget split","Annual mean NO2","Raw reference support","Relative error",1,"NO2-EU; 50/50 nugget split","NO2-EU; 50/50 nugget split","medium support",100,"100 m grid cell","AirBase monitoring station",FALSE,FALSE,1,1,"RMSE / raw","raw reference-support metric"
7,"NO2-EU; full nugget microscale","Annual mean NO2","Raw reference support","Relative error",1,"NO2-EU; full nugget microscale","NO2-EU; full nugget microscale","medium support",100,"100 m grid cell","AirBase monitoring station",FALSE,FALSE,1,1,"RMSE / raw","raw reference-support metric"
8,"S1-SM","Soil moisture","Raw reference support","Relative error",1,"S1-SM","S1-SM","large support",1000,"Sentinel-1 soil moisture product, approximately 1 km","in situ point-scale soil moisture at 0.05 m depth",FALSE,FALSE,1,1,"RMSE / raw","raw reference-support metric"
9,"SMAP-CRNS","Soil moisture","Raw reference support","Relative error",1,"SMAP-CRNS","SMAP-CRNS","large support",9000,"SMAP 9 km pixel","CRNS footprint",FALSE,FALSE,1,1,"RMSE / raw","raw reference-support metric"
10,"SWE, 10 m","SWE","Raw reference support","Relative error",1,"SWE, 10 m, q=0.000","SWE, 10 m, q=0.000","small support",10,"10 m grid cell","local snow survey site",FALSE,FALSE,1,1,"RMSE / raw","raw reference-support metric"
11,"SWE, 10 m","SWE","Raw reference support","Relative error",1,"SWE, 10 m, q=0.015","SWE, 10 m, q=0.015","small support",10,"10 m grid cell","local snow survey site",FALSE,FALSE,1,1,"RMSE / raw","raw reference-support metric"
12,"SWE, 100 m","SWE","Raw reference support","Relative error",1,"SWE, 100 m, q=0.000","SWE, 100 m, q=0.000","medium support",100,"100 m grid cell","local snow survey site",FALSE,FALSE,1,1,"RMSE / raw","raw reference-support metric"
13,"SWE, 100 m","SWE","Raw reference support","Relative error",1,"SWE, 100 m, q=0.015","SWE, 100 m, q=0.015","medium support",100,"100 m grid cell","local snow survey site",FALSE,FALSE,1,1,"RMSE / raw","raw reference-support metric"
1,"Biomass","Total biomass","Tier 1","Relative error",0.833310483870968,"Biomass","Biomass","small support",30,"30 m map pixel","60 m field site; two 4 m x 4 m subplots",FALSE,FALSE,0.833310483870968,0.833310483870968,"RMSE / raw","latent reference-support metric"
2,"BTS","BTS","Tier 1","Relative error",0.992294991744634,"BTS","BTS","small support",30,"30 m grid cell","BTS point observation",FALSE,FALSE,0.992294991744634,0.992294991744634,"RMSE / raw","latent reference-support metric"
3,"Meuse--Cd","Log cadmium","Tier 1","Relative error",1,"Meuse--Cd","Meuse--Cd","medium support",100,"100 m grid cell","treated as point soil sample",FALSE,FALSE,1,1,"RMSE / raw","latent reference-support metric"
4,"Meuse--Zn","Log zinc","Tier 1","Relative error",1,"Meuse--Zn","Meuse--Zn","medium support",100,"100 m grid cell","treated as point soil sample",FALSE,FALSE,1,1,"RMSE / raw","latent reference-support metric"
5,"NO2-DE","Annual mean NO2","Tier 1","Relative error",1,"NO2-DE","NO2-DE","large support",2000,"2 km grid cell","monitoring station annual mean",FALSE,FALSE,1,1,"RMSE / raw","latent reference-support metric"
6,"NO2-EU; 50/50 nugget split","Annual mean NO2","Tier 1","Relative error",0.615529905561385,"NO2-EU; 50/50 nugget split","NO2-EU; 50/50 nugget split","medium support",100,"100 m grid cell","AirBase monitoring station",FALSE,FALSE,0.615529905561385,0.615529905561385,"RMSE / raw","latent reference-support metric"
7,"NO2-EU; full nugget microscale","Annual mean NO2","Tier 1","Relative error",1,"NO2-EU; full nugget microscale","NO2-EU; full nugget microscale","medium support",100,"100 m grid cell","AirBase monitoring station",FALSE,FALSE,1,1,"RMSE / raw","latent reference-support metric"
9,"SMAP-CRNS","Soil moisture","Tier 1","Relative error",0.875,"SMAP-CRNS","SMAP-CRNS","large support",9000,"SMAP 9 km pixel","CRNS footprint",FALSE,FALSE,0.875,0.875,"RMSE / raw","latent reference-support metric"
10,"SWE, 10 m","SWE","Tier 1","Relative error",1,"SWE, 10 m, q=0.000","SWE, 10 m, q=0.000","small support",10,"10 m grid cell","local snow survey site",FALSE,FALSE,1,1,"RMSE / raw","latent reference-support metric"
11,"SWE, 10 m","SWE","Tier 1","Relative error",0.987231466509483,"SWE, 10 m, q=0.015","SWE, 10 m, q=0.015","small support",10,"10 m grid cell","local snow survey site",FALSE,FALSE,0.987231466509483,0.987231466509483,"RMSE / raw","latent reference-support metric"
12,"SWE, 100 m","SWE","Tier 1","Relative error",1,"SWE, 100 m, q=0.000","SWE, 100 m, q=0.000","medium support",100,"100 m grid cell","local snow survey site",FALSE,FALSE,1,1,"RMSE / raw","latent reference-support metric"
13,"SWE, 100 m","SWE","Tier 1","Relative error",0.987231466509483,"SWE, 100 m, q=0.015","SWE, 100 m, q=0.015","medium support",100,"100 m grid cell","local snow survey site",FALSE,FALSE,0.987231466509483,0.987231466509483,"RMSE / raw","latent reference-support metric"
2,"BTS","BTS","Tier 2","Relative error",0.867914144193726,"BTS","BTS","small support",30,"30 m grid cell","BTS point observation",FALSE,FALSE,0.867914144193726,0.867914144193726,"RMSE / raw","small support"
3,"Meuse--Cd","Log cadmium","Tier 2","Relative error",0,"Meuse--Cd","Meuse--Cd","medium support",100,"100 m grid cell","treated as point soil sample",TRUE,TRUE,NA,NA,"RMSE / raw","medium support"
4,"Meuse--Zn","Log zinc","Tier 2","Relative error",0.662735849056604,"Meuse--Zn","Meuse--Zn","medium support",100,"100 m grid cell","treated as point soil sample",FALSE,FALSE,0.662735849056604,0.662735849056604,"RMSE / raw","medium support"
5,"NO2-DE","Annual mean NO2","Tier 2","Relative error",0.351498881431767,"NO2-DE","NO2-DE","large support",2000,"2 km grid cell","monitoring station annual mean",FALSE,FALSE,0.351498881431767,0.351498881431767,"RMSE / raw","large support"
6,"NO2-EU; 50/50 nugget split","Annual mean NO2","Tier 2","Relative error",0,"NO2-EU; 50/50 nugget split","NO2-EU; 50/50 nugget split","medium support",100,"100 m grid cell","AirBase monitoring station",TRUE,TRUE,NA,NA,"RMSE / raw","medium support"
7,"NO2-EU; full nugget microscale","Annual mean NO2","Tier 2","Relative error",0,"NO2-EU; full nugget microscale","NO2-EU; full nugget microscale","medium support",100,"100 m grid cell","AirBase monitoring station",TRUE,TRUE,NA,NA,"RMSE / raw","medium support"
8,"S1-SM","Soil moisture","Tier 2","Relative error",0.795454545454546,"S1-SM","S1-SM","large support",1000,"Sentinel-1 soil moisture product, approximately 1 km","in situ point-scale soil moisture at 0.05 m depth",FALSE,FALSE,0.795454545454546,0.795454545454546,"RMSE / raw","large support"
10,"SWE, 10 m","SWE","Tier 2","Relative error",0.896298479405463,"SWE, 10 m, q=0.000","SWE, 10 m, q=0.000","small support",10,"10 m grid cell","local snow survey site",FALSE,FALSE,0.896298479405463,0.896298479405463,"RMSE / raw","small support"
11,"SWE, 10 m","SWE","Tier 2","Relative error",0.896298479405463,"SWE, 10 m, q=0.015","SWE, 10 m, q=0.015","small support",10,"10 m grid cell","local snow survey site",FALSE,FALSE,0.896298479405463,0.896298479405463,"RMSE / raw","small support"
12,"SWE, 100 m","SWE","Tier 2","Relative error",0.428618083047243,"SWE, 100 m, q=0.000","SWE, 100 m, q=0.000","medium support",100,"100 m grid cell","local snow survey site",FALSE,FALSE,0.428618083047243,0.428618083047243,"RMSE / raw","medium support"
13,"SWE, 100 m","SWE","Tier 2","Relative error",0.428618083047243,"SWE, 100 m, q=0.015","SWE, 100 m, q=0.015","medium support",100,"100 m grid cell","local snow survey site",FALSE,FALSE,0.428618083047243,0.428618083047243,"RMSE / raw","medium support"
